"SYMBOL","COMPANY NAME","SERIES","PURPOSE","FACE VALUE","EX-DATE","RECORD DATE","BOOK CLOSURE START DATE","BOOK CLOSURE END DATE"
"UTIUS64-CI","Unit Trust of India-Unit Scheme-64 (Cash Income)","EQ","Split Us 64 Into 2 Parts","10","25-Oct-2002","-","02-Nov-2002","14-Nov-2002"
"MAHSEAMLES","Maharashtra Seamless Limited","EQ","Fv Split Rs.10/- To Rs.5/","5","18-Apr-2006","25-Apr-2006","-","-"
"ANSALAPI","Ansal Properties & Infrastructure Limited","EQ","Fv Split Rs.10/- To Rs.5/","5","10-May-2006","17-May-2006","-","-"
"HINDDORROL","Hindustan Dorr-Oliver Limited","EQ","Fv Split Rs.10/- To Rs.2/","2","26-May-2006","02-Jun-2006","-","-"
"TUBEINVEST","Tube Investments of India Limited","EQ","Fv Split Rs.10/- To Rs.2/","2","31-May-2006","07-Jun-2006","-","-"
"EPL","EPL Limited","EQ","Fv Split Rs.10/- To Rs.2/","2","08-Jun-2006","15-Jun-2006","-","-"
"SIEMENS","Siemens Limited","EQ","Fv Split Rs.10/- To Rs.2/","2","13-Jun-2006","20-Jun-2006","-","-"
"ASTRAZEN","AstraZeneca Pharma India Limited","EQ","Fv Split Rs.10/- To Rs.2/","2","15-Jun-2006","22-Jun-2006","-","-"
"JYOTISTRUC","Jyoti Structures Limited","EQ","Fv Split-Rs.10/-To Rs.2/-","2","28-Jul-2006","04-Aug-2006","-","-"
"CGPOWER","CG Power and Industrial Solutions Limited","EQ","Fv Split Rs.10/- To Rs.2/","2","10-Aug-2006","18-Aug-2006","-","-"
"GODREJCP","Godrej Consumer Products Limited","EQ","Fv Split Rs.4/- To Re.1/-","1","24-Aug-2006","31-Aug-2006","-","-"
"GODREJIND","Godrej Industries Limited","EQ","Fv Split Rs.6/- To Re.1/","1","25-Aug-2006","01-Sep-2006","-","-"
"SUPERSPIN","Super Spinning Mills Limited","EQ","Fv Split Rs.10/- To Re.1/","1","01-Sep-2006","08-Sep-2006","-","-"
"EXIDEIND","Exide Industries Limited","EQ","Fv Split Rs.10/- To Re.1/","1","08-Sep-2006","15-Sep-2006","-","-"
"SIMPLEXINF","Simplex Infrastructures Limited","EQ","Fv Split Rs.10/- To Rs.2/","2","13-Sep-2006","20-Sep-2006","-","-"
"BLUESTARCO","Blue Star Limited","EQ","Fv Split Rs.10/- To Rs.2/","2","20-Sep-2006","27-Sep-2006","-","-"
"VOLTAS","Voltas Limited","EQ","Fv Split Rs.10/- To Re.1/","1","22-Sep-2006","29-Sep-2006","-","-"
"ALEMBICLTD","Alembic Limited","EQ","Fv Split Rs.10/- To Rs.2/","2","26-Sep-2006","04-Oct-2006","-","-"
"GEOJITFSL","Geojit Financial Services Limited","EQ","Fv Split Rs.10/- To Re.1/","1","26-Sep-2006","04-Oct-2006","-","-"
"NAVNETEDUL","Navneet Education Limited","EQ","Split-Rs.10tors.2/Div-60%Purpose Revised","2","27-Sep-2006","05-Oct-2006","-","-"
"MUNJALSHOW","Munjal Showa Limited","EQ","Fv Split Rs.10/- To Rs.2/","2","16-Oct-2006","23-Oct-2006","-","-"
"ELECON","Elecon Engineering Company Limited","EQ","Fv Split Rs.10/- To Rs.2/","1","17-Oct-2006","26-Oct-2006","-","-"
"INDHOTEL","The Indian Hotels Company Limited","EQ","Fv Split Rs.10/- To Re.1/","1","27-Oct-2006","03-Nov-2006","-","-"
"TCI","Transport Corporation of India Limited","EQ","Fv Split Rs.10/- To Rs.2/","2","05-Dec-2006","12-Dec-2006","-","-"
"SANWARIA","Sanwaria Consumer Limited","EQ","Fv Split Rs.5/- To Rs.2/","1","08-Dec-2006","15-Dec-2006","-","-"
"GRAPHITE","Graphite India Limited","EQ","Fv Split Rs.10/- To Rs.2/","2","11-Dec-2006","18-Dec-2006","-","-"
"FEL","Future Enterprises Limited","EQ","Fv Split Rs.10/- To Rs.2/","2","12-Dec-2006","19-Dec-2006","-","-"
"KEI","KEI Industries Limited","EQ","Fv Split Rs.10/- To Rs.2/","2","21-Dec-2006","29-Dec-2006","-","-"
"HTMEDIA","HT Media Limited","EQ","Fv Split Rs.10/- To Rs.2/","2","28-Dec-2006","05-Jan-2007","-","-"
"FINCABLES","Finolex Cables Limited","EQ","Fv Split Rs.10/- To Rs.2/","2","08-Jan-2007","15-Jan-2007","-","-"
"PARACABLES","Paramount Communications Limited","EQ","Fv Split Rs.10/- To Rs.2/","2","25-Jan-2007","05-Feb-2007","-","-"
"GOKEX","Gokaldas Exports Limited","EQ","Fv Split Rs.10/- To Rs.5/","5","08-Feb-2007","15-Feb-2007","-","-"
"MARICO","Marico Limited","EQ","Fv Split Rs.10/- To Re.1/","1","21-Feb-2007","28-Feb-2007","-","-"
"MFSL","Max Financial Services Limited","EQ","Fv Split Rs.10/- To Rs.2/","2","12-Mar-2007","19-Mar-2007","-","-"
"DCHL","Deccan Chronicle Holdings Limited","EQ","Fv Split Rs.10/- To Rs.2/","2","13-Mar-2007","21-Mar-2007","-","-"
"NRBBEARING","NRB Bearing Limited","EQ","Fv Split Rs.10/- To Rs.2/","2","26-Mar-2007","04-Apr-2007","-","-"
"PUNJLLOYD","Punj Lloyd Limited","EQ","Fv Split Rs.10/- To Rs.2/","2","29-Mar-2007","06-Apr-2007","-","-"
"MIRZAINT","Mirza International Limited","EQ","Fv Split Rs.10/- To Rs.2/","2","24-Apr-2007","01-May-2007","-","-"
"THOMASCOOK","Thomas Cook  (India)  Limited","EQ","Fv Split Rs.10/- To Re.1/","1","14-May-2007","21-May-2007","-","-"
"GUJRATGAS","Gujarat Gas Company Limited","EQ","Fv Split Rs.10/- To Rs.2/","2","15-May-2007","22-May-2007","-","-"
"HUHTAMAKI","Huhtamaki India Limited","EQ","Fv Split Rs.10/- To Rs.2/","2","25-May-2007","01-Jun-2007","-","-"
"ABB","ABB India Limited","EQ","Fv Split Rs.10/- To Rs.2/","2","28-Jun-2007","06-Jul-2007","-","-"
"KSOILS","K S Oils Limited","EQ","Fv Split Rs.10/- To Re.1/","1","18-Jul-2007","25-Jul-2007","-","-"
"EASUNREYRL","Easun Reyrolle Limited","EQ","Fv Split Rs.10/- To Rs.2/","2","31-Jul-2007","07-Aug-2007","-","-"
"DIVISLAB","Divi's Laboratories Limited","EQ","Agm/Fv Split Rs10 To Rs2","2","03-Aug-2007","-","10-Aug-2007","13-Aug-2007"
"APOLLOTYRE","Apollo Tyres Limited","EQ","Fv Split Rs.10/- To Re.1/","1","17-Aug-2007","27-Aug-2007","-","-"
"EKC","Everest Kanto Cylinder Limited","EQ","Fv Split Rs.10/- To Rs.2/","2","21-Aug-2007","28-Aug-2007","-","-"
"SANGHVIMOV","Sanghvi Movers Limited","EQ","Fv Split Rs.10/- To Rs.2/","1","23-Aug-2007","30-Aug-2007","-","-"
"HIRECT","Hind Rectifiers Limited","EQ","Fv Split Rs.10/- To Rs.2/","2","28-Aug-2007","04-Sep-2007","-","-"
"USHAMART","Usha Martin Limited","EQ","Fv Split Rs.5/- To Re.1/","1","29-Aug-2007","05-Sep-2007","-","-"
"GLENMARK","Glenmark Pharmaceuticals Limited","EQ","Agm/Fv Split Rs.2 To Re.1","1","10-Sep-2007","-","17-Sep-2007","20-Sep-2007"
"ELECTCAST","Electrosteel Castings Limited","EQ","Fv Split Rs.10/- To Re.1/","1","17-Sep-2007","24-Sep-2007","-","-"
"ARE&M","Amara Raja Energy & Mobility Limited","EQ","Fv Split Rs.10/- To Rs.2/","1","19-Sep-2007","26-Sep-2007","-","-"
"BATLIBOI","Batliboi Limited","EQ","Fv Split Rs.10/- To Rs.5/","5","26-Sep-2007","04-Oct-2007","-","-"
"GMRINFRA","GMR Airports Infrastructure Limited","EQ","Fv Split Rs.10/- To Rs.2/","1","28-Sep-2007","08-Oct-2007","-","-"
"ANANTRAJ","Anant Raj Limited","EQ","Fv Split Rs.10/- To Re.2/","2","08-Oct-2007","15-Oct-2007","-","-"
"MANINDS","Man Industries (India) Limited","EQ","Fv Split Rs.10/- To Rs.5/","5","09-Oct-2007","16-Oct-2007","-","-"
"PENINLAND","Peninsula Land Limited","EQ","Fv Split Rs.10/- To Rs.2/","2","16-Oct-2007","23-Oct-2007","-","-"
"BLKASHYAP","B. L. Kashyap and Sons Limited","EQ","Fv Split Rs.10/- To Rs.5/","1","22-Oct-2007","29-Oct-2007","-","-"
"ASIANELEC","Asian Electronics Limited","EQ","Fv Split Rs.10/- To Rs.5/","5","22-Oct-2007","29-Oct-2007","-","-"
"ADVANIHOTR","Advani Hotels & Resorts (India) Limited","EQ","Fv Split Rs.10/- To Rs.2/","2","22-Oct-2007","29-Oct-2007","-","-"
"ICSA","ICSA (India) Limited","EQ","Fv Split Rs.10/- To Rs.2/","2","23-Oct-2007","30-Oct-2007","-","-"
"WSTCSTPAPR","West Coast Paper Mills Limited","EQ","Fv Split Rs.10/- To Rs.2/","2","26-Oct-2007","02-Nov-2007","-","-"
"RUCHISOYA","Ruchi Soya Industries Limited","EQ","Fv Split Rs.10/- To Rs.2/","2","29-Oct-2007","03-Nov-2007","-","-"
"GMDCLTD","Gujarat Mineral Development Corporation Limited","EQ","Fv Split Rs.10/- To Rs.2/","2","08-Nov-2007","16-Nov-2007","-","-"
"SUBROS","Subros Limited","EQ","Fv Split Rs.10/- To Rs.2/","2","20-Nov-2007","27-Nov-2007","-","-"
"BANCOINDIA","Banco Products (I) Limited","EQ","Fv Split Rs.10/- To Rs.2/","2","23-Nov-2007","30-Nov-2007","-","-"
"JPASSOCIAT","Jaiprakash Associates Limited","EQ","Fv Split Rs.10/- To Rs.2/","2","17-Dec-2007","26-Dec-2007","-","-"
"JAGRAN","Jagran Prakashan Limited","EQ","Fv Split Rs.10/- To Rs.2/","2","09-Jan-2008","16-Jan-2008","-","-"
"CLASSIC","Classic Diamonds (India) Limited","EQ","Fv Split Rs.10/- To Rs.2/","2","11-Jan-2008","18-Jan-2008","-","-"
"DELTACORP","Delta Corp Limited","EQ","Fv Split Rs.10/- To Re.1/","1","15-Jan-2008","22-Jan-2008","-","-"
"JINDALSTEL","Jindal Steel & Power Limited","EQ","Fv Split Rs.5/- To Re.1/-","1","21-Jan-2008","28-Jan-2008","-","-"
"SUZLON","Suzlon Energy Limited","EQ","Fv Split Rs.10/- To Rs.2/","2","21-Jan-2008","28-Jan-2008","-","-"
"CINEVISTA","Cinevista Limited","EQ","Fv Split Rs.10/- To Rs.2/","2","22-Jan-2008","29-Jan-2008","-","-"
"CUB","City Union Bank Limited","EQ","Fv Split Rs.10/- To Re.1/","1","23-Jan-2008","30-Jan-2008","-","-"
"ORIENTPPR","Orient Paper & Industries Limited","EQ","Fv Split Rs.10/- To Re.1/","1","01-Feb-2008","08-Feb-2008","-","-"
"SANWARIA","Sanwaria Consumer Limited","EQ","Fv Split Rs.2/- To Re.1/-","1","04-Feb-2008","11-Feb-2008","-","-"
"GVKPIL","GVK Power & Infrastructure Limited","EQ","Fv Split Rs.10/- To Re.1/","1","08-Feb-2008","15-Feb-2008","-","-"
"PHOENIXLTD","The Phoenix Mills Limited","EQ","Fv Split Rs.10/- To Rs.2/","2","13-Feb-2008","20-Feb-2008","-","-"
"TV18BRDCST","TV18 Broadcast Limited","EQ","Fv Split Rs.10/- To Rs.2/","2","21-Feb-2008","28-Feb-2008","-","-"
"PTL","PTL Enterprises Limited","EQ","Fv Split Rs.10/- To Rs.2/","1","25-Feb-2008","03-Mar-2008","-","-"
"3PLAND","3P Land Holdings Limited","EQ","Fv Split Rs.10/- To Rs.2/","2","11-Mar-2008","18-Mar-2008","-","-"
"MARKSANS","Marksans Pharma Limited","EQ","Fv Split Rs.10/- To Re.1/","1","11-Mar-2008","-","18-Mar-2008","25-Mar-2008"
"ACE","Action Construction Equipment Limited","EQ","Fv Split Rs.10/- To Rs.2/","2","13-Mar-2008","24-Mar-2008","-","-"
"EMCO","Emco Limited","EQ","Fv Split Rs.10/- To Rs.2/","2","14-Mar-2008","25-Mar-2008","-","-"
"GANDHITUBE","Gandhi Special Tubes Limited","EQ","Fv Split Rs.10/- To Rs.5/","5","17-Mar-2008","26-Mar-2008","-","-"
"KGL","Karuturi Global Limited","EQ","Fv Split Rs.10/- To Re.1/","1","04-Apr-2008","11-Apr-2008","-","-"
"RENUKA","Shree Renuka Sugars Limited","EQ","Fv Split Rs.10/- To Re.1/","1","10-Apr-2008","21-Apr-2008","-","-"
"NMDC","NMDC Limited","EQ","Fv Split Rs.10/- To Re.1/","1","10-Apr-2008","21-Apr-2008","-","-"
"CENTURYPLY","Century Plyboards (India) Limited","EQ","Fv Split Rs.10/- To Re.1/","1","24-Apr-2008","02-May-2008","-","-"
"EVINIX","Evinix Accessories Limited","EQ","Fv Split Rs.10/- To Re.1/","1","29-Apr-2008","07-May-2008","-","-"
"TANLA","Tanla Platforms Limited","EQ","Fv Split Rs.2/- To Re.1/-","1","02-May-2008","09-May-2008","-","-"
"MIC","MIC Electronics Limited","EQ","Fv Split Rs.10/- To Rs.2/","2","27-Jun-2008","07-Jul-2008","-","-"
"EASTSILK","Eastern Silk Industries Limited","EQ","Fv Split Rs.10/- To Rs.2/","2","27-Jun-2008","07-Jul-2008","-","-"
"BIRLAMONEY","Aditya Birla Money Limited","EQ","Fv Split Rs.10/- To Re.1/","1","11-Jul-2008","18-Jul-2008","-","-"
"TRICOM","Tricom India Limited","EQ","Fv Split Rs.10/- To Rs.2/","2","15-Jul-2008","22-Jul-2008","-","-"
"MALCO","The Madras Aluminium Company Limited","EQ","Fv Split Rs.10/- To Rs.2/","2","17-Jul-2008","24-Jul-2008","-","-"
"MOTILALOFS","Motilal Oswal Financial Services Limited","EQ","Fv Split Rs.5/- To Re.1/-","1","25-Jul-2008","01-Aug-2008","-","-"
"IIFL","IIFL Finance Limited","EQ","Fv Split Rs.10/- To Rs.2/","2","08-Aug-2008","18-Aug-2008","-","-"
"KOKUYOCMLN","Kokuyo Camlin Limited","EQ","Fv Split Rs.10/- To Re.1/","1","22-Aug-2008","29-Aug-2008","-","-"
"JTEKTINDIA","Jtekt India Limited","EQ","Fv Split Rs.2/- To Re.1/-","1","02-Sep-2008","10-Sep-2008","-","-"
"AICHAMP","AI Champdany Industries Limited","EQ","Fv Split Rs.10/- To Rs.5/","5","11-Sep-2008","18-Sep-2008","-","-"
"HERCULES","Hercules Hoists Limited","EQ","Fv Split Rs.10/- To Re.1/","1","17-Sep-2008","24-Sep-2008","-","-"
"GEMINI","Gemini Communication Limited","EQ","Fv Split Rs.5/- To Re.1/-","1","17-Sep-2008","24-Sep-2008","-","-"
"TAKE","Take Solutions Limited","EQ","Fv Split-Rs10/- To Re.1/-","1","18-Sep-2008","25-Sep-2008","-","-"
"PROVOGUE","Provogue (India) Limited","EQ","Fv Split Rs.10/- To Rs.2/","2","03-Oct-2008","13-Oct-2008","-","-"
"AIAENG","AIA Engineering Limited","EQ","Fv Split Rs.10/- To Rs.2/Rd Date Revised","2","13-Oct-2008","20-Oct-2008","-","-"
"GET&D","GE T&D India Limited","EQ","Fv Split Rs.10/- To Rs.2/Rd Date Revised","2","22-Oct-2008","31-Oct-2008","-","-"
"TIMETECHNO","Time Technoplast Limited","EQ","Fv Split Rs.10/- To Re.1/Record Date Revised","1","29-Oct-2008","06-Nov-2008","-","-"
"RATNAMANI","Ratnamani Metals & Tubes Limited","EQ","Fv Split Rs.10/- To Rs.2/","2","06-Nov-2008","14-Nov-2008","-","-"
"JINDRILL","Jindal Drilling And Industries Limited","EQ","Fv Split-Rs10/- To Rs5/-","5","06-Nov-2008","14-Nov-2008","-","-"
"NECLIFE","Nectar Lifesciences Limited","EQ","Fv Split Rs.10/- To Re.1/","1","12-Nov-2008","20-Nov-2008","-","-"
"JYOTHYLAB","Jyothy Labs Limited","EQ","Fv Split Rs.5/- To Re.1/-","1","12-Dec-2008","19-Dec-2008","-","-"
"TEXINFRA","Texmaco Infrastructure & Holdings Limited","EQ","Fv Split Rs.10/- To Re.1/","1","01-Jan-2009","09-Jan-2009","-","-"
"REIAGROLTD","Rei Agro Limited","EQ","Fv Split Rs.10/- To Re.1/","1","05-Feb-2009","12-Feb-2009","-","-"
"CORALHUB","Coral Hub Limited","EQ","Fv Split Rs.10/- To Re.1/","1","27-Feb-2009","06-Mar-2009","-","-"
"AMJLAND","Amj Land Holdings Limited","EQ","Fv Split Rs.10/- To Rs.2/","2","23-Mar-2009","31-Mar-2009","-","-"
"BIRLAPOWER","Birla Power Solutions Limited","EQ","Fv Split Rs.10/- To Rs.1/","1","24-Apr-2009","05-May-2009","-","-"
"AUSTRAL","Austral Coke & Projects Limited","EQ","Fv Split Rs.10/- To Re.1/","1","07-Aug-2009","10-Aug-2009","-","-"
"SHREEASHTA","Shree Ashtavinayak Cine Vision Limited","EQ","Fv Split Rs.10/- To Rs.1/","1","20-Aug-2009","21-Aug-2009","-","-"
"IVC","IL&FS Investment Managers Limited","EQ","Fv Split Rs.10/- To Rs.2/","2","16-Sep-2009","17-Sep-2009","-","-"
"MVL","MVL Limited","EQ","Fv Split Rs.10/- To Rs.2/","1","18-Sep-2009","22-Sep-2009","-","-"
"GMRINFRA","GMR Airports Infrastructure Limited","EQ","Fv Split Rs.2/- To Re.1/-","1","01-Oct-2009","05-Oct-2009","-","-"
"GOKUL","Gokul Refoils and Solvent Limited","EQ","Fv Split Rs.10/- To Rs.2/Rd Revised","2","14-Oct-2009","15-Oct-2009","-","-"
"FCSSOFT","FCS Software Solutions Limited","EQ","Fv Split Rs.10/- To Re.1/","1","15-Oct-2009","16-Oct-2009","-","-"
"BIRLACOT","Birla Cotsyn (India) Limited","EQ","Fv Split Rs.10/- To Re.1/","1","23-Oct-2009","26-Oct-2009","-","-"
"AJRINFRA","AJR INFRA AND TOLLING LIMITED","EQ","Fv Split Rs.10/- To Rs.2/","2","26-Oct-2009","27-Oct-2009","-","-"
"REISIXTEN","REI Six Ten Retail Limited","EQ","Fv Split Rs.10/- To Rs.2/","2","26-Oct-2009","27-Oct-2009","-","-"
"EDUCOMP","Educomp Solutions Limited","EQ","Fv Split Rs.10/- To Rs.2/","2","27-Oct-2009","28-Oct-2009","-","-"
"MADHUCON","Madhucon Projects Limited","EQ","Fv Split Rs.2/- To Re.1/","1","05-Nov-2009","07-Nov-2009","-","-"
"ADSL","Allied Digital Services Limited","EQ","Fv Split Rs.10/- To Rs.5/","5","11-Nov-2009","12-Nov-2009","-","-"
"HINDNATGLS","Hindusthan National Glass & Industries Limited","EQ","Fv Split Rs.10/- To Rs.2/","2","12-Nov-2009","13-Nov-2009","-","-"
"HBLPOWER","HBL Power Systems Limited","EQ","Fv Split Rs.10/- To Re.1/","1","24-Nov-2009","25-Nov-2009","-","-"
"JINDALSAW","Jindal Saw Limited","EQ","Fv Split Rs.10/- To Rs.2/","1","10-Dec-2009","11-Dec-2009","-","-"
"JKLAKSHMI","JK Lakshmi Cement Limited","EQ","Fv Split Rs.10 To Rs.5","5","17-Dec-2009","18-Dec-2009","-","-"
"NUTEK","Nu Tek India Limited","EQ","Fv Split Rs.10 To Rs.5","5","23-Dec-2009","24-Dec-2009","-","-"
"LITL","Lanco Infratech Limited","EQ","Fv Split Rs.10 To Re.1","1","04-Jan-2010","05-Jan-2010","-","-"
"WINSOMYARN","Winsome Yarns Limited","EQ","Fv Split Rs.10 To Re.1","1","21-Jan-2010","22-Jan-2010","-","-"
"BAJAJELEC","Bajaj Electricals Limited","EQ","Fv Split Rs.10 To Rs.2","2","28-Jan-2010","29-Jan-2010","-","-"
"CCCL","Consolidated Construction Consortium Limited","EQ","Fv Split Rs.10 To Rs.2","2","10-Feb-2010","11-Feb-2010","-","-"
"MURLIIND","Murli Industries Limited","EQ","Fv Split Rs.10 To Rs.2","2","18-Mar-2010","19-Mar-2010","-","-"
"IPCALAB","IPCA Laboratories Limited","EQ","Fv Split Rs.10 To Rs.2","1","22-Mar-2010","23-Mar-2010","-","-"
"KMSUGAR","K.M.Sugar Mills Limited","EQ","Fv Split Rs.10 To Rs.2","2","26-Mar-2010","29-Mar-2010","-","-"
"M&M","Mahindra & Mahindra Limited","EQ","Fv Split Rs.10 To Rs.5","5","29-Mar-2010","30-Mar-2010","-","-"
"SEINVEST","S.E. Investments Limited","EQ","Fv Split Rs.10 To Rs.2","1","05-Apr-2010","06-Apr-2010","-","-"
"UNITY","Unity Infraprojects Limited","EQ","Fv Split Rs.10 To Rs.2","2","07-Apr-2010","08-Apr-2010","-","-"
"VIPUL","Vipul Limited","EQ","Fv Split Rs.2/- To Re.1/-","1","04-May-2010","05-May-2010","-","-"
"KABRAEXTRU","Kabra Extrusion Technik Limited","EQ","Face Value Split From Rs.10/- To Rs.5/-","5","17-May-2010","18-May-2010","-","-"
"STER","Sterlite Industries ( India ) Limited","EQ","Bonus 1:1 And Face Value Split From Rs.2/- To Re.1/-","1","21-Jun-2010","22-Jun-2010","-","-"
"GENESYS","Genesys International Corporation Limited","EQ","Face Value Split From Rs.10/- To Rs.5/-","5","23-Jun-2010","24-Jun-2010","-","-"
"TATACONSUM","TATA CONSUMER PRODUCTS LIMITED","EQ","Face Value Split From Rs.10/- To Re.1/-","1","30-Jun-2010","02-Jul-2010","-","-"
"TULIP","Tulip Telecom Limited","EQ","Fv Split Rs.10/- To Rs.2/-","2","06-Jul-2010","07-Jul-2010","-","-"
"EMAMILTD","Emami Limited","EQ","Dividend Rs.6/- Per Share And Face Value Split From Rs.2/- To Re.1/-","1","21-Jul-2010","-","23-Jul-2010","27-Jul-2010"
"MMTC","MMTC Limited","EQ","Bonus 1:1 And Face Value Split From Rs.10 To Re.1","1","29-Jul-2010","30-Jul-2010","-","-"
"PRATIBHA","Pratibha Industries Limited","EQ","Fv Split Rs.10/- To Rs.2/-","2","30-Jul-2010","02-Aug-2010","-","-"
"EDELWEISS","Edelweiss Financial Services Limited","EQ","Face Value Split From Rs.5/- To Re.1/- And Bonus 1:1","1","10-Aug-2010","11-Aug-2010","-","-"
"RAINBOWPAP","Rainbow Papers Limited","EQ","Face Value Split From Rs.10/- To Rs.2/-","2","11-Aug-2010","12-Aug-2010","-","-"
"JAYSREETEA","Jayshree Tea & Industries Limited","EQ","Face Value Split From Rs.10/- To Rs.5/-","5","13-Aug-2010","16-Aug-2010","-","-"
"POONAWALLA","Poonawalla Fincorp Limited","EQ","Face Value Split From Rs.10/- To Rs.2/-","2","13-Aug-2010","16-Aug-2010","-","-"
"HDFC","Housing Development Finance Corporation Limited","EQ","Face Value Split From Rs.10/- To Rs.2/-","2","18-Aug-2010","20-Aug-2010","-","-"
"REDINGTON","Redington Limited","EQ","Face Value Split From Rs.10/- To Rs.2/-","2","20-Aug-2010","23-Aug-2010","-","-"
"LUPIN","Lupin Limited","EQ","Face Value Split From Rs.10/- To Rs.2/-","2","27-Aug-2010","30-Aug-2010","-","-"
"INDIANHUME","Indian Hume Pipe Company Limited","EQ","Face Value Split From Rs.10/- To Rs.2/-","2","30-Aug-2010","31-Aug-2010","-","-"
"APOLLOHOSP","Apollo Hospitals Enterprise Limited","EQ","Face Value Split From Rs.10/- To Rs.5/-","5","02-Sep-2010","03-Sep-2010","-","-"
"KCP","KCP Limited","EQ","1st Interim Dividend Rs.2.50 Per Share And Face Value Split From Rs.10/- To Re.1/- (Purpose Revised)","1","02-Sep-2010","03-Sep-2010","-","-"
"KPIL","Kalpataru Projects International Limited","EQ","Face Value Split From Rs.10/- To Rs.2/-","2","08-Sep-2010","09-Sep-2010","-","-"
"BRITANNIA","Britannia Industries Limited","EQ","Face Value Split From Rs.10/- To Rs.2/-","1","08-Sep-2010","09-Sep-2010","-","-"
"KOTAKBANK","Kotak Mahindra Bank Limited","EQ","Face Value Split From Rs.10/- To Rs.5/-","5","13-Sep-2010","14-Sep-2010","-","-"
"RESURGERE","Resurgere Mines & Minerals India Limited","EQ","Annual General Meeting/Bonus 2:1/Face Value Split From Rs.10/- To Re.1/-","1","15-Sep-2010","-","17-Sep-2010","19-Sep-2010"
"ASTRAL","Astral Limited","EQ","Face Value Split From Rs.10/- To Rs.5/-","1","15-Sep-2010","16-Sep-2010","-","-"
"ADANIPORTS","Adani Ports and Special Economic Zone Limited","EQ","Face Value Split From Rs.10/- To Rs.2/-","2","23-Sep-2010","24-Sep-2010","-","-"
"SOUTHBANK","The South Indian Bank Limited","EQ","Face Value Split From Rs.10/- To Re.1/-","1","23-Sep-2010","24-Sep-2010","-","-"
"NISSAN","Nissan Copper Limited","EQ","Face Value Split From Rs.10/- To Re.1/-","1","27-Sep-2010","28-Sep-2010","-","-"
"BLKASHYAP","B. L. Kashyap and Sons Limited","EQ","Bonus 1:1 / Face Value Split From Rs. 5/- To Re. 1/-","1","29-Sep-2010","01-Oct-2010","-","-"
"AQUA","Aqua Logistics Limited","EQ","Face Value Split From Rs.10/- To Re.1/-","1","01-Oct-2010","04-Oct-2010","-","-"
"PARSVNATH","Parsvnath Developers Limited","EQ","Face Value Split From Rs.10/- To Rs.5/-","5","18-Oct-2010","19-Oct-2010","-","-"
"SUPREMEIND","Supreme Industries Limited","EQ","Face Value Split From Rs.10/- To Rs.2/-","2","18-Oct-2010","19-Oct-2010","-","-"
"SEZALGLASS","Sezal Glass Limited","EQ","Face Value Split From Rs.10/- To Re.1/-","1","21-Oct-2010","22-Oct-2010","-","-"
"UNICHEMLAB","Unichem Laboratories Limited","EQ","Interim Dividend Rs.3/- Per Share And Face Value Split From Rs.5/- To Rs.2/- (Purpose Revised)","2","21-Oct-2010","22-Oct-2010","-","-"
"GENUSPOWER","Genus Power Infrastructures Limited","EQ","Face Value Split From Rs.10/- To Re.1/-","1","22-Oct-2010","25-Oct-2010","-","-"
"SINTEX","Sintex Industries Limited","EQ","Face Value Split From Rs.2/- To Re.1/-","1","27-Oct-2010","28-Oct-2010","-","-"
"JISLJALEQS","Jain Irrigation Systems Limited","EQ","Face Value Split From Rs.10/- To Rs.2/-","2","29-Oct-2010","01-Nov-2010","-","-"
"SEINVEST","S.E. Investments Limited","EQ","Face Value Split From Rs.2/- To Re.1/-","1","29-Oct-2010","01-Nov-2010","-","-"
"PFOCUS","Prime Focus Limited","EQ","Face Value Split From Rs.10/- To Re.1/-","1","29-Oct-2010","01-Nov-2010","-","-"
"ARCHIES","Archies Limited","EQ","Face Value Split From Rs.10/- To Rs.2/-","2","02-Nov-2010","03-Nov-2010","-","-"
"NITINFIRE","Nitin Fire Protection Industries Limited","EQ","Face Value Split From Rs.10/- To Rs.2/-","2","04-Nov-2010","08-Nov-2010","-","-"
"ATLANTAA","ATLANTAA LIMITED","EQ","Face Value Split From Rs.10/- To Rs.2/-","2","08-Nov-2010","09-Nov-2010","-","-"
"HSCL","Himadri Speciality Chemical Limited","EQ","Face Value Split From Rs.10/- To Re.1/-","1","08-Nov-2010","09-Nov-2010","-","-"
"ORIENTHOT","Oriental Hotels Limited","EQ","Face Value Split From Rs.10/- To Re.1/-","1","10-Nov-2010","11-Nov-2010","-","-"
"SOMANYCERA","Somany Ceramics Limited","EQ","Face Value Split From Rs.10/- To Rs.2/-","2","11-Nov-2010","12-Nov-2010","-","-"
"MVL","MVL Limited","EQ","Face Value Split From Rs.2/- To Re.1/-","1","16-Nov-2010","18-Nov-2010","-","-"
"BALAMINES","Balaji Amines Limited","EQ","Face Value Split From Rs.10/- To Rs.2/-","2","18-Nov-2010","19-Nov-2010","-","-"
"GREAVESCOT","Greaves Cotton Limited","EQ","Interim Dividend Rs 2/- Per Share And Face Value Split From Rs 10/- To Rs 2/-","2","24-Nov-2010","25-Nov-2010","-","-"
"SUNPHARMA","Sun Pharmaceutical Industries Limited","EQ","Face Value Split From Rs.5/- To Re.1/-","1","25-Nov-2010","26-Nov-2010","-","-"
"SADBHAV","Sadbhav Engineering Limited","EQ","Face Value Split From Rs.10/- To Re.1/-","1","07-Dec-2010","08-Dec-2010","-","-"
"BALKRISIND","Balkrishna Industries Limited","EQ","Face Value Split From Rs.10/- To Rs.2/-","2","20-Dec-2010","21-Dec-2010","-","-"
"EIDPARRY","EID Parry India Limited","EQ","Face Value Split From Rs.2/- To Re.1/-","1","23-Dec-2010","24-Dec-2010","-","-"
"COROMANDEL","Coromandel International Limited","EQ","Face Value Split From Rs.2/- To Re.1/-","1","23-Dec-2010","24-Dec-2010","-","-"
"SURYAPHARM","Surya Pharmaceutical Limited","EQ","Face Value Split From Rs.10/- To Re.1/-","1","23-Dec-2010","24-Dec-2010","-","-"
"LICHSGFIN","LIC Housing Finance Limited","EQ","Face Value Split From Rs.10/- To Rs.2/-","2","30-Dec-2010","31-Dec-2010","-","-"
"KEC","KEC International Limited","EQ","Face Value Split From Rs.10/- To Rs.2/-","2","30-Dec-2010","31-Dec-2010","-","-"
"SUJANATOW","Sujana Tower Limited","EQ","Face Value Split From Rs.5/- To Re.1/-","1","10-Jan-2011","11-Jan-2011","-","-"
"SHOPERSTOP","Shoppers Stop Limited","EQ","Face Value Split From Rs.10/- To Rs.5/-","5","12-Jan-2011","13-Jan-2011","-","-"
"ONGC","Oil & Natural Gas Corporation Limited","EQ","Bonus 1:1 And Face Value Split From Rs.10/- To Rs.5/-","5","08-Feb-2011","09-Feb-2011","-","-"
"AUROPHARMA","Aurobindo Pharma Limited","EQ","Face Value Split From Rs.5/- To Re.1/-","1","10-Feb-2011","11-Feb-2011","-","-"
"GLODYNE","Glodyne Technoserve Limited","EQ","Face Value Split From Rs.10/- To Rs.6/-","6","10-Feb-2011","11-Feb-2011","-","-"
"HINDZINC","Hindustan Zinc Limited","EQ","Bonus - 1:1 And Face Value Split From Rs. 10 To Rs. 2","2","07-Mar-2011","08-Mar-2011","-","-"
"NATIONALUM","National Aluminium Company Limited","EQ","Bonus 1:1 And Face Value Split From Rs.10/- To Rs.5/-","5","15-Mar-2011","16-Mar-2011","-","-"
"BAJAJCON","Bajaj Consumer Care Limited","EQ","Face Value Split From Rs.5/- To Re.1/-","1","05-May-2011","06-May-2011","-","-"
"RAIN","Rain Industries Limited","EQ","Face Value Split From Rs.10/- To Rs.2/-","2","15-Jun-2011","16-Jun-2011","-","-"
"COX&KINGS","Cox & Kings Limited","EQ","Face Value Split From Rs.10/- To Rs.5/-","5","21-Jun-2011","22-Jun-2011","-","-"
"TITAN","Titan Company Limited","EQ","Bonus 1:1 / Face Value Split From Rs.10/- To Re.1/-","1","23-Jun-2011","24-Jun-2011","-","-"
"HDFCBANK","HDFC Bank Limited","EQ","Face Value Split From Rs.10/- To Rs.2/-","1","14-Jul-2011","16-Jul-2011","-","-"
"RALLIS","Rallis India Limited","EQ","Face Value Split From Rs.10/- To Re.1/-","1","15-Jul-2011","18-Jul-2011","-","-"
"WABAG","VA Tech Wabag Limited","EQ","Face Value Split From Rs.5/- To Rs.2/-","2","16-Aug-2011","17-Aug-2011","-","-"
"PIIND","PI Industries Limited","EQ","Face Value Split From Rs.10/- To Rs.5/-","1","17-Aug-2011","19-Aug-2011","-","-"
"NELCAST","Nelcast Limited","EQ","Face Value Split From Rs 10 To Rs 2","2","06-Sep-2011","07-Sep-2011","-","-"
"TATAMTRDVR","Tata Motors Limited","EQ","Face Value Split From Rs.10/- To Rs.2/-","2","12-Sep-2011","13-Sep-2011","-","-"
"TATAMOTORS","Tata Motors Limited","EQ","Face Value Split From Rs.10/- To Rs.2/-","2","12-Sep-2011","13-Sep-2011","-","-"
"TATAPOWER","Tata Power Company Limited","EQ","Face Value Split From Rs.10/- To Re.1/-","1","26-Sep-2011","27-Sep-2011","-","-"
"CRISIL","CRISIL Limited","EQ","Face Value Split From Rs.10/- To Re.1/-","1","28-Sep-2011","30-Sep-2011","-","-"
"BHEL","Bharat Heavy Electricals Limited","EQ","Face Value Split From Rs.10/- To Rs.2/-","2","03-Oct-2011","04-Oct-2011","-","-"
"CARBORUNIV","Carborundum Universal Limited","EQ","Face Value Split From Rs.2/- To Re.1/-","1","05-Oct-2011","07-Oct-2011","-","-"
"VIPIND","VIP Industries Limited","EQ","Face Value Split From Rs.10/- To Rs.2/-","2","31-Oct-2011","01-Nov-2011","-","-"
"METKORE","Metkore Alloys & Industries Limited","EQ","Face Value Split From Rs.10/- To Rs.2/-","2","03-Nov-2011","04-Nov-2011","-","-"
"DPSCLTD","DPSC Limited","EQ","Bonus 22:1 And Face Value Split From Rs.10/- To Re.1/-","1","15-Dec-2011","16-Dec-2011","-","-"
"MUNJALAU","Munjal Auto Industries Limited","EQ","Face Value Split From Rs.10/- To Rs.2/-","2","29-Dec-2011","30-Dec-2011","-","-"
"SYMPHONY","Symphony Limited","EQ","Face Value Split Rs.10/- To Rs.2/-","2","15-Feb-2012","17-Feb-2012","-","-"
"PLASTIBLEN","Plastiblends India Limited","EQ","Face Value Split From Rs.10/- To Rs.5/-","5","29-Feb-2012","01-Mar-2012","-","-"
"VAKRANGEE","Vakrangee Limited","EQ","Bonus 1:1 And Face Value Split From Rs.10/- To Re.1/-","1","12-Apr-2012","13-Apr-2012","-","-"
"INDOCO","Indoco Remedies Limited","EQ","Bonus 1:2 And Face Value Split From Rs.10 To Rs.2","2","17-May-2012","19-May-2012","-","-"
"GRAVITA","Gravita India Limited","EQ","Face Value Split From Rs.10/- To Rs.2/-","2","25-May-2012","28-May-2012","-","-"
"AVTNPL","AVT Natural Products Limited","EQ","Face Value Split From Rs 10 To Re 1","1","07-Jun-2012","08-Jun-2012","-","-"
"ZYLOG","Zylog Systems Limited","EQ","Face Value Split From Rs 10 To Rs 5","5","29-Jun-2012","03-Jul-2012","-","-"
"GRUH","Gruh Finance Limited","EQ","Face Value Split From Rs 10 To Rs 2","2","24-Jul-2012","25-Jul-2012","-","-"
"AJANTPHARM","Ajanta Pharma Limited","EQ","Face Value Split From Rs. 10/- To Rs. 5/-","2","09-Aug-2012","10-Aug-2012","-","-"
"VTMLTD","VTM Limited","EQ","Face Value Split From  Rs.10/- To Re.1/-","1","16-Aug-2012","17-Aug-2012","-","-"
"GSFC","Gujarat State Fertilizers & Chemicals Limited","EQ","Face Value Split From Rs 10 To Rs 2","2","20-Sep-2012","22-Sep-2012","-","-"
"ARE&M","Amara Raja Energy & Mobility Limited","EQ","Face Value Split From Rs.2/- To Re.1/-","1","25-Sep-2012","26-Sep-2012","-","-"
"GOENKA","Goenka Diamond and Jewels Limited","EQ","Face Value Split From Rs.10/- To Re.1/-","1","25-Oct-2012","29-Oct-2012","-","-"
"AMRUTANJAN","Amrutanjan Health Care Limited","EQ","Face Value  Split From Rs. 10 To Rs. 2/-","1","25-Oct-2012","29-Oct-2012","-","-"
"ORISSAMINE","The Orissa Minerals Development Company Limited","EQ","Face Value Split From Rs.10/- To Re.1/-","1","29-Oct-2012","30-Oct-2012","-","-"
"BOMDYEING","Bombay Dyeing & Mfg Company Limited","EQ","Face Value Split From Rs.10/- To Rs.2/-","2","30-Oct-2012","31-Oct-2012","-","-"
"KANANIIND","Kanani Industries Limited","EQ","Face Value Split From Rs.5/- To Re.1/-","1","01-Nov-2012","02-Nov-2012","-","-"
"BBTC","Bombay Burmah Trading Corporation Limited","EQ","Face Value Split From Rs 10 To Rs 2","2","08-Nov-2012","09-Nov-2012","-","-"
"SHALPAINTS","Shalimar Paints Limited","EQ","Face Value Split From Rs 10 To Rs 2","2","22-Nov-2012","23-Nov-2012","-","-"
"RUBYMILLS","The Ruby Mills Limited","EQ","Face Value Split From Rs 10 To Rs 5","5","22-Nov-2012","23-Nov-2012","-","-"
"UJAAS","Ujaas Energy Limited","EQ","Face Value Split From Rs 10 To Re 1","1","21-Dec-2012","24-Dec-2012","-","-"
"VISESHINFO","Visesh Infotecnics Limited","EQ","Face Value Split From Rs 10 To Re 1","1","03-Jan-2013","04-Jan-2013","-","-"
"20MICRONS","20 Microns Limited","EQ","Face Value Split Rs 10 To Rs 5","5","28-Jan-2013","29-Jan-2013","-","-"
"M&MFIN","Mahindra & Mahindra Financial Services Limited","EQ","Face Value Split Rs 10 To Rs 2","2","15-Feb-2013","18-Feb-2013","-","-"
"VKSPL","VKS Projects Limited","EQ","Face Value Split From Rs 10 To Re 1","1","27-Feb-2013","28-Feb-2013","-","-"
"RAJRAYON","Raj Rayon Industries Limited","EQ","Face Value Split From Rs 10 To Re 1","1","04-Mar-2013","05-Mar-2013","-","-"
"RASOYPR","Rasoya Proteins Limited","EQ","Bonus 2:1 / Face Value Split From Rs. 5/- To Re. 1/-","1","21-Mar-2013","22-Mar-2013","-","-"
"BILENERGY","Bil Energy Systems Limited","EQ","Face Value Split From Rs.10/- To Re. 1/-","1","26-Mar-2013","28-Mar-2013","-","-"
"SHEKHAWATI","Shekhawati Industries Limited","EQ","Face Value Split From Rs.10 To Re.1","10","10-Apr-2013","12-Apr-2013","-","-"
"PIIND","PI Industries Limited","EQ","Face Value Split From Rs.5/- Per Share To Re.1/- Per Share","1","12-Apr-2013","15-Apr-2013","-","-"
"ASHOKA","Ashoka Buildcon Limited","EQ","Bonus 1:2 And Face Value Split Rs.10/- To Rs.5/-","5","03-Jul-2013","04-Jul-2013","-","-"
"ADVANTA","Advanta Limited","EQ","Face Value Split From Rs.10/- To Rs.2/-","2","05-Jul-2013","08-Jul-2013","-","-"
"ASIANPAINT","Asian Paints Limited","EQ","Face Value Split Rs 10 To Re 1","1","30-Jul-2013","31-Jul-2013","-","-"
"APCOTEXIND","Apcotex Industries Limited","EQ","Face Value Split From Rs.10/- To Rs.5/-","2","14-Aug-2013","17-Aug-2013","-","-"
"CCL","CCL Products (India) Limited","EQ","Bonus 1:1 And Face Value Split From Rs.10/- To Rs.2/-","2","19-Aug-2013","20-Aug-2013","-","-"
"ASTRAL","Astral Limited","EQ","Face Value Split From Rs.5/- To Rs.2/-","1","05-Sep-2013","09-Sep-2013","-","-"
"MAYURUNIQ","Mayur Uniquoters Ltd","EQ","Face Value Split From Rs.10/- To Rs.5/-","5","25-Sep-2013","26-Sep-2013","-","-"
"FEDERALBNK","The Federal Bank  Limited","EQ","Face Value Split From Rs.10/- To Rs.2/-","2","17-Oct-2013","18-Oct-2013","-","-"
"ASHIANA","Ashiana Housing Limited","EQ","Face Value Split From Rs.10/- To Rs.2/-","2","24-Oct-2013","25-Oct-2013","-","-"
"GODREJPROP","Godrej Properties Limited","EQ","Face Value Split From Rs.10/- To Rs.5/-","5","21-Nov-2013","22-Nov-2013","-","-"
"RELAXO","Relaxo Footwears Limited","EQ","Face Value Split From Rs.5/- To Re.1/-","1","22-Nov-2013","25-Nov-2013","-","-"
"BSLIMITED","BS Limited","EQ","Face Value Split From Rs 10/- To Re 1/-","1","21-Jan-2014","22-Jan-2014","-","-"
"KSCL","Kaveri Seed Company Limited","EQ","Face Value Split From Rs 10/- To Rs 2/-","2","27-Jan-2014","28-Jan-2014","-","-"
"SWANENERGY","Swan Energy Limited","EQ","Face Value Split From Rs 2/- To Re 1/-","1","03-Feb-2014","04-Feb-2014","-","-"
"SHARONBIO","Sharon Bio-Medicine Limited","EQ","Bonus 1:1 / Face Value Split From 10/- To Face Value 2/-","2","20-Feb-2014","21-Feb-2014","-","-"
"RSYSTEMS","R Systems International Limited","EQ","Face Value Split From Rs 10/- To Re 1/- Per Share","1","26-Feb-2014","28-Feb-2014","-","-"
"RAJTV","Raj Television Network Limited","EQ","Bonus 1:1 / Face Value Split From Rs.10/- To Rs.5/-","5","25-Mar-2014","26-Mar-2014","-","-"
"VIKASECO","Vikas EcoTech Limited","EQ","Face Value Split From Rs 10/- To Re 1/-","1","27-Mar-2014","30-Mar-2014","-","-"
"DEEPAKNTR","Deepak Nitrite Limited","EQ","Bonus 1 : 1 / Face Value Split From Rs 10/- Each To Rs 2/- Each","2","20-Jun-2014","23-Jun-2014","-","-"
"AXISBANK","Axis Bank Limited","EQ","Face Value Split From Rs 10/- To Rs 2/- Per Share","2","28-Jul-2014","30-Jul-2014","-","-"
"HAVELLS","Havells India Limited","EQ","Face Value Split From Rs 5/- Per Share To Re 1/- Per Share","1","26-Aug-2014","27-Aug-2014","-","-"
"MANINFRA","Man Infraconstruction Limited","EQ","Annual General Meeting / Dividend - Rs 1.35/- Per Share / Face Value Split - From Rs 10/- Per Share To Rs 2/- Per Share","2","28-Aug-2014","-","02-Sep-2014","05-Sep-2014"
"J&KBANK","The Jammu & Kashmir Bank Limited","EQ","Face Value Split - From Rs 10/- Per Share To Re 1/- Per Share","1","04-Sep-2014","05-Sep-2014","-","-"
"ALKYLAMINE","Alkyl Amines Chemicals Limited","EQ","Face Value Split (Sub-Division) - From Rs 10/- Per Share To Rs 5/- Per Share","2","08-Sep-2014","09-Sep-2014","-","-"
"ATULAUTO","Atul Auto Limited","EQ","Face Value Split (Sub-Division) - From Rs 10/- Per Share To Rs 5/- Per Share","5","12-Sep-2014","15-Sep-2014","-","-"
"PANAMAPET","Panama Petrochem Limited","EQ","Face Value Split From Rs.10/- To Rs.2/-","2","19-Sep-2014","22-Sep-2014","-","-"
"SOUISPAT","Southern Ispat And Energy Limited","EQ","Annual General Meeting And Face Value Split From Rs.10/- To Re.1/-","1","22-Sep-2014","-","24-Sep-2014","30-Sep-2014"
"ASTRAL","Astral Limited","EQ","Face Value Split From Rs 2/- Per Share To Re 1/- Per Share","1","25-Sep-2014","26-Sep-2014","-","-"
"SUDARSCHEM","Sudarshan Chemical Industries Limited","EQ","Bonus 1 : 1 / Face Value Split From Rs 10/- To Rs 2/- Per Share","2","30-Sep-2014","01-Oct-2014","-","-"
"JBMA","JBM Auto Limited","EQ","Bonus 1:1 And Face Value Split Rs.10/- To Rs.5/- Per Share","2","08-Oct-2014","09-Oct-2014","-","-"
"SHIVAMAUTO","Shivam Autotech Limited","EQ","Face Value Split From Rs.10/- To Rs.2/-","2","30-Oct-2014","31-Oct-2014","-","-"
"SBIN","State Bank of India","EQ","Face Value Split Rs.10/- To Re.1/- Per Share","1","20-Nov-2014","21-Nov-2014","-","-"
"SURANAT&P","Surana Telecom and Power Limited","EQ","Face Value Split (Sub-Division) - From Rs 5/- Per Share To Re 1/- Per Share","1","25-Nov-2014","26-Nov-2014","-","-"
"SURANASOL","Surana Solar Limited","EQ","Face Value Split (Sub-Division) - From Rs 10/- Per Share To Rs 5/- Per Share","5","25-Nov-2014","26-Nov-2014","-","-"
"GODFRYPHLP","Godfrey Phillips India Limited","EQ","Face Value Split From Rs 10/- Per Share To Rs 2/- Per Share","2","28-Nov-2014","01-Dec-2014","-","-"
"ICICIBANK","ICICI Bank Limited","EQ","Face Value Split (Sub-Division) - From Rs 10/- Per Share To Rs 2/- Per Share","2","04-Dec-2014","05-Dec-2014","-","-"
"PNB","Punjab National Bank","EQ","Face Value Split (Sub-Division) - From Rs 10/- Per Share To Rs 2/- Per Share","2","18-Dec-2014","19-Dec-2014","-","-"
"JKTYRE","JK Tyre & Industries Limited","EQ","Face Value Split (Sub-Division) - From Rs 10/- Per Share To Rs 2/- Per Share","2","18-Dec-2014","19-Dec-2014","-","-"
"INFODRIVE","Info-Drive Software Limited","EQ","Face Value Split (Sub Division) - From Rs 10/- Per Share To Re 1/- Per Share","1","24-Dec-2014","26-Dec-2014","-","-"
"MINDACORP","Minda Corporation Limited","EQ","Bonus 1:1 / Face Value Split From Rs 10/- Per Share To Rs 2/- Per Share","2","05-Jan-2015","06-Jan-2015","-","-"
"HATHWAY","Hathway Cable & Datacom Limited","EQ","Face Value Split (Sub-Division) - From Rs 10/- Per Share To Rs 2/- Per Share","2","06-Jan-2015","07-Jan-2015","-","-"
"BERGEPAINT","Berger Paints (I) Limited","EQ","Face Value Split (Sub-Division) - From Rs 2/- Per Share To Re 1/- Per Share","1","08-Jan-2015","09-Jan-2015","-","-"
"RSSOFTWARE","R. S. Software (India) Limited","EQ","Interim Dividend - Rs 1.50/- Per Share / Face Value Split - From Rs 10/- Per Share To Rs 5/- Per Share (Purpose Revised)","5","21-Jan-2015","22-Jan-2015","-","-"
"CORPBANK","Corporation Bank","EQ","Face Valus Split (Sub-Division) - From Rs 10/- Per To Rs 2/- Per Share","2","22-Jan-2015","23-Jan-2015","-","-"
"BANKBARODA","Bank of Baroda","EQ","Face Value Split (Sub-Division) - From Rs 10/- Per Share To Rs 2/- Per Share","2","22-Jan-2015","23-Jan-2015","-","-"
"TATACOFFEE","Tata Coffee Limited","EQ","Face Value Split (Sub-Division): From Rs 10/- Per Share To Re 1/- Per Share","1","23-Jan-2015","27-Jan-2015","-","-"
"POLYMED","Poly Medicure Limited","EQ","Face Value Split (Sub-Division) - From Rs 10/- Per Share To Rs 5/- Per Share","5","02-Feb-2015","03-Feb-2015","-","-"
"HIKAL","Hikal Limited","EQ","Face Value Split (Sub-Division): From Rs 10/- Per Share To Rs 2/- Per Share","2","27-Feb-2015","02-Mar-2015","-","-"
"TECHM","Tech Mahindra Limited","EQ","Bonus 1:1 / Face Value Split - From Rs 10/- Per Share To Rs 5/- Per Share","5","19-Mar-2015","20-Mar-2015","-","-"
"AJANTPHARM","Ajanta Pharma Limited","EQ","Face Value Split (Sub-Division) - From Rs 5/- Per Share To Rs 2/- Per Share","2","20-Mar-2015","23-Mar-2015","-","-"
"GRANULES","Granules India Limited","EQ","Face Value Split Rs 10 To Rs 1","1","23-Mar-2015","24-Mar-2015","-","-"
"KANSAINER","Kansai Nerolac Paints Limited","EQ","Face Value Split (Sub-Division) - From Rs 10/- Per Share To Re 1/- Per Share","1","26-Mar-2015","27-Mar-2015","-","-"
"KSERASERA","KSS Limited","EQ","Face Value Split (Sub-Division) - From Rs 10/- Per Share To Re 1/- Per Share","1","30-Mar-2015","31-Mar-2015","-","-"
"MENONBE","Menon Bearings Limited","EQ","Face Value Split (Sub-Division) - From Rs 5/- Per Share To Re 1/- Per Share","1","09-Apr-2015","10-Apr-2015","-","-"
"PITTIENG","Pitti Engineering Limited","EQ","Face Value Split (Sub-Division) - From Rs 10/- Per Share To Rs 5/- Per Share","5","16-Apr-2015","17-Apr-2015","-","-"
"TITAGARH","TITAGARH RAIL SYSTEMS LIMITED","EQ","Face Value Split (Sub-Division) - From Rs 10/- Per Share To Rs 2/- Per Share","2","23-Apr-2015","24-Apr-2015","-","-"
"FCL","Fineotex Chemical Limited","EQ","Face Valus Split (Sub-Division) - From Rs 10/- Per Share To Rs 2/- Per Share","2","11-Jun-2015","12-Jun-2015","-","-"
"JMTAUTOLTD","JMT Auto Limited","EQ","Face Value Split (Sub-Division) - From Rs 10/- Per Share To Rs 2/- Per Share","1","25-Jun-2015","26-Jun-2015","-","-"
"SIGNET","Signet Industries Limited","EQ"," Face Value Split (Sub-Division) - From Rs 10/- Per Share To Rs 1/- Per Share","1","17-Aug-2015","19-Aug-2015","-","-"
"ITDCEM","ITD Cementation India Limited","EQ"," Face Value Split (Sub-Division) - From Rs 10/- Per Share To Re 1/- Per Share","1","21-Aug-2015","24-Aug-2015","-","-"
"AEGISLOG","Aegis Logistics Limited","EQ"," Face Value Split From Rs 10 To Rs 1","1","16-Sep-2015","18-Sep-2015","-","-"
"ALANKIT","Alankit Limited","EQ"," Face Value Split (Sub-Division) - From Rs 10/- Per Share To Rs 2/- Per Share","1","23-Sep-2015","24-Sep-2015","-","-"
"ZYDUSLIFE","Zydus Lifesciences Limited","EQ"," Face Value Split (Sub-Division) - From Rs 5/- Per Share To Re 1/- Per Share","1","06-Oct-2015","07-Oct-2015","-","-"
"BATAINDIA","Bata India Limited","EQ"," Face Value Split (Sub-Division) - From Rs 10/- Per Share To Rs 5/- Per Share","5","07-Oct-2015","08-Oct-2015","-","-"
"LAMBODHARA","Lambodhara Textiles Limited","EQ"," Face Value Split From Rs 10 To Rs 5","5","15-Oct-2015","16-Oct-2015","-","-"
"SARLAPOLY","Sarla Performance Fibers Limited","EQ"," Face Value Split From Rs 10 To Re 1 (Record Date Revised)","1","29-Oct-2015","30-Oct-2015","-","-"
"SHILPAMED","Shilpa Medicare Limited","EQ"," Face Value Split (Sub-Division) - From Rs 2/- Per Share To Re 1/- Per Share","1","06-Nov-2015","09-Nov-2015","-","-"
"NATCOPHARM","Natco Pharma Limited","EQ"," Face Value Split (Sub-Division) - From Rs 10/- Per Share To Rs 2/- Per Share","2","26-Nov-2015","28-Nov-2015","-","-"
"AVANTIFEED","Avanti Feeds Limited","EQ"," Face Value Split (Sub-Division) - From Rs 10/- Per Share To Rs 2/- Per Share","1","26-Nov-2015","27-Nov-2015","-","-"
"JAMNAAUTO","Jamna Auto Industries Limited","EQ"," Face Value Split (Sub-Division) - From Rs 10/- Per Share To Rs 5/- Per Share","1","03-Dec-2015","04-Dec-2015","-","-"
"JKIL","J.Kumar Infraprojects Limited","EQ"," Face Value Split (Sub-Division) - From Rs 10/- Per Share To Rs 5/- Per Share","5","10-Dec-2015","11-Dec-2015","-","-"
"SMSPHARMA","SMS Pharmaceuticals Limited","EQ"," Face Value Split (Sub-Division) - From Rs 10/- Per Share To Re 1/- Per Share","1","17-Dec-2015","18-Dec-2015","-","-"
"INDTERRAIN","Indian Terrain Fashions Limited","EQ"," Face Value Split (Sub-Division) - From Rs 10/- Per Share To Rs 2/- Per Share","2","21-Dec-2015","22-Dec-2015","-","-"
"GREENPLY","Greenply Industries Limited","EQ"," Face Value Split (Sub-Division) - From Rs 5/- Per Share To Re 1/- Per Share","1","06-Jan-2016","07-Jan-2016","-","-"
"MOLDTKPAC","Mold-Tek Packaging Limited","EQ"," Face Value Split (Sub-Division) - From Rs 10/- Per Share To Rs 5/- Per Share","5","17-Feb-2016","18-Feb-2016","-","-"
"PRAKASHSTL","Prakash Steelage Limited","EQ"," Face Value Split (Sub-Division) - From Rs 10/- Per Share To Re 1/- Per Share","1","03-Mar-2016","04-Mar-2016","-","-"
"RAMASTEEL","Rama Steel Tubes Limited","EQ"," Bonus 4:1/Face Value Split (Sub-Division) - From Rs 10/- Per Share To Rs 5/- Per Share","1","14-Mar-2016","15-Mar-2016","-","-"
"VEEDOL","Veedol Corporation Limited","EQ"," Bonus 1:1/Face Value Split (Sub-Division) - From Rs 10/- Per Share To Rs 5/- Per Share ","2","16-Mar-2016","17-Mar-2016","-","-"
"WELSPUNLIV","Welspun Living Limited","EQ"," Interim Div - Rs 6/- Per Share + Face Value Split (Sub-Division) - From Rs 10/- Per Share To Re 1/- Per Share ","1","21-Mar-2016","22-Mar-2016","-","-"
"PRECWIRE","Precision Wires India Limited","EQ"," Face Value Split (Sub-Division) - From Rs 10/- Per Share To Rs 5/- Per Share","1","21-Mar-2016","22-Mar-2016","-","-"
"VIVIMEDLAB","Vivimed Labs Limited","EQ"," Face Value Split (Sub-Division) - From Rs 10/- Per Share To Rs 2/- Per Share","2","06-Apr-2016","08-Apr-2016","-","-"
"NBCC","NBCC (India) Limited","EQ"," Face Value Split (Sub-Division) - From Rs 10/- Per Share To Rs 2/- Per Share","1","02-Jun-2016","03-Jun-2016","-","-"
"LUXIND","Lux Industries Limited","EQ"," Face Value Split From Rs 10 To Rs 2","2","06-Jun-2016","07-Jun-2016","-","-"
"KTIL","Kesar Terminals & Infrastructure Limited","EQ"," Bonus 1:25/ Face Value Split (Sub-Division) - From Rs 10/- Per Share To Rs 5/- Per Share","5","11-Aug-2016","13-Aug-2016","-","-"
"PNCINFRA","PNC Infratech Limited","EQ"," Face Value Split From Rs 10 To Rs 2","2","12-Aug-2016","16-Aug-2016","-","-"
"PILITA","PIL ITALICA LIFESTYLE LIMITED","EQ"," Face Value Split (Sub-Division) - From Rs 4/- Per Share To Re 1/- Per Share","1","24-Aug-2016","25-Aug-2016","-","-"
"VGUARD","V-Guard Industries Limited","EQ"," Face Value Split From Rs 10 To Re 1","1","30-Aug-2016","31-Aug-2016","-","-"
"BAJFINANCE","Bajaj Finance Limited","EQ"," Bonus 1:1/Face Value Split (Sub-Division) - From Rs 10/- Per Share To Rs 2/- Per Share","2","08-Sep-2016","10-Sep-2016","-","-"
"TRENT","Trent Limited","EQ"," Face Value Split From Rs 10 To Re 1","1","12-Sep-2016","14-Sep-2016","-","-"
"UNOMINDA","UNO Minda Limited","EQ"," Face Value Split From Rs 10 To Rs 2","2","12-Sep-2016","14-Sep-2016","-","-"
"JMTAUTOLTD","JMT Auto Limited","EQ"," Face Value Split From Rs 2 To Re 1","1","21-Sep-2016","22-Sep-2016","-","-"
"KAJARIACER","Kajaria Ceramics Limited","EQ"," Face Value Split From Rs 2 To Re 1","1","04-Oct-2016","05-Oct-2016","-","-"
"GRASIM","Grasim Industries Limited","EQ"," Face Value Split From Rs 10 To Re 2","2","06-Oct-2016","08-Oct-2016","-","-"
"SECURKLOUD","SECUREKLOUD TECHNOLOGIES LIMITED","EQ"," Bonus 1:3/Face Value Split (Sub-Division) - From Rs 10/- Per Share To Rs 5/- Per Share","5","10-Oct-2016","13-Oct-2016","-","-"
"SHAH","Shah Metacorp Limited","EQ"," Face Value Split From Rs 10 To Re 1","1","13-Oct-2016","14-Oct-2016","-","-"
"SUNILHITEC","Sunil Hitech Engineers Limited","EQ"," Bonus 1:1/Face Value Split (Sub-Division) - From Rs 10/- Per Share To Re 1/- Per Share","1","01-Dec-2016","03-Dec-2016","-","-"
"GAYAPROJ","Gayatri Projects Limited","EQ"," Face Value Split From Rs 10/- Per Share To Rs 2/- Per Share","2","10-Feb-2017","13-Feb-2017","-","-"
"COMPINFO","Compuage Infocom Limited","EQ"," Face Value Split (Sub-Division) - From Rs 10/- Per Share To Rs 2/- Per Share","2","16-Feb-2017","17-Feb-2017","-","-"
"BEL","Bharat Electronics Limited","EQ"," Face Value Split From Rs 10/- Per Share To Re 1/- Per Share","1","16-Mar-2017","17-Mar-2017","-","-"
"BLS","BLS International Services Limited","EQ"," Face Value Split From Rs 10/- Per Share To Re 1/- Per Share","1","26-Apr-2017","27-Apr-2017","-","-"
"BEARDSELL","Beardsell Limited","EQ"," Bonus 1:5/Face Value Split (Sub-Division) - From Rs 10/- Per Share To Rs 2/- Per Share","2","04-May-2017","05-May-2017","-","-"
"HINDCOMPOS","Hindustan Composites Limited","EQ"," Bonus 1:2/Face Value Split (Sub-Division) From Rs 10 Per Share To Rs 5 Per Share","5","25-May-2017","26-May-2017","-","-"
"ADVENZYMES","Advanced Enzyme Technologies Limited","EQ"," Face Value Split From Rs 10/- Per Share To Rs 2/- Per Share","2","25-May-2017","26-May-2017","-","-"
"ARCOTECH","Arcotech Limited","EQ"," Face Value Split From Rs 10/- Per Share To Rs 2/- Per Share","2","22-Jun-2017","23-Jun-2017","-","-"
"NAVINFLUOR","Navin Fluorine International Limited","EQ"," Face Value Split From Rs 10/- Per Share To Rs 2/- Per Share","2","19-Jul-2017","20-Jul-2017","-","-"
"SUNTECK","Sunteck Realty Limited","EQ"," Face Value Split (Sub-Division) - From Rs 2/- Per Share To Rs 1/- Per Share","1","25-Jul-2017","26-Jul-2017","-","-"
"CORALFINAC","Coral India Finance & Housing Limited","EQ"," Face Value Split (Sub-Division) - From Rs 10/- Per Share To Rs 2/- Per Share","2","03-Aug-2017","04-Aug-2017","-","-"
"DWARKESH","Dwarikesh Sugar Industries Limited","EQ"," Annual General Meeting/Dividend - Rs 10 Per Share/Face Value Split (Sub-Division) - From Rs 10/- Per Share To Re 1/- Per Share (Purpose Revised)","1","10-Aug-2017","-","12-Aug-2017","19-Aug-2017"
"DOLLAR","Dollar Industries Limited","EQ"," Face Value Split (Sub-Division) - From Rs 10/- Per Share To Rs 2/- Per Share","2","31-Aug-2017","01-Sep-2017","-","-"
"INFIBEAM","Infibeam Avenues Limited","EQ"," Annual General Meeting/Face Value Split (Sub-Division) - From Rs 10/- Per Share To Re 1/- Per Share","1","31-Aug-2017","01-Sep-2017","-","-"
"DECCANCE","Deccan Cements Limited","EQ"," Face Value Split (Sub-Division) - From Rs 10/- Per Share To Rs 5/- Per Share ","5","11-Sep-2017","12-Sep-2017","-","-"
"NESCO","Nesco Limited","EQ"," Face Value Split (Sub-Division) - From Rs 10/- Per Share To Rs 2/- Per Share","2","15-Sep-2017","18-Sep-2017","-","-"
"YESBANK","Yes Bank Limited","EQ"," Face Value Split (Sub-Division) - From Rs 10/- Per Share To Rs 2/- Per Share ","2","21-Sep-2017","22-Sep-2017","-","-"
"SUTLEJTEX","Sutlej Textiles and Industries Limited","EQ"," Face Value Split (Sub-Division) - From Rs 10/- Per Share To Re 1/- Per Share ","1","26-Sep-2017","27-Sep-2017","-","-"
"TARIL","Transformers And Rectifiers (India) Limited","EQ"," Face Value Split (Sub-Division) - From Rs 10/- Per Share To Re 1/- Per Share","1","28-Sep-2017","30-Sep-2017","-","-"
"JAMNAAUTO","Jamna Auto Industries Limited","EQ"," Face Value Split (Sub-Division) - From Rs 5/- Per Share To Re 1/- Per Share","1","05-Oct-2017","06-Oct-2017","-","-"
"HERITGFOOD","Heritage Foods Limited","EQ"," Face Value Split (Sub-Division) - From Rs 10/- Per Share To Rs 5/- Per Share","5","10-Oct-2017","11-Oct-2017","-","-"
"CANFINHOME","Can Fin Homes Limited","EQ"," Face Value Split (Sub-Division) - From Rs 10/- Per Share To Rs 2/- Per Share","2","12-Oct-2017","13-Oct-2017","-","-"
"POKARNA","Pokarna Limited","EQ"," Face Value Split (Sub-Division) - From Rs 10/- Per Share To Rs 2/- Per Share","2","18-Oct-2017","23-Oct-2017","-","-"
"SIYSIL","Siyaram Silk Mills Limited","EQ"," Face Value Split (Sub-Division) - From Rs 10/- Per Share To Rs 2/- Per Share","2","25-Oct-2017","26-Oct-2017","-","-"
"ATLASCYCLE","Atlas Cycles (Haryana) Limited","EQ"," Face Value Split (Sub-Division) - From Rs 10/- Per Share To Rs 5/- Per Share","5","30-Oct-2017","31-Oct-2017","-","-"
"IGL","Indraprastha Gas Limited","EQ"," Face Value Split (Sub-Division) - From Rs 10/- Per Share To Rs 2/- Per Share","2","09-Nov-2017","10-Nov-2017","-","-"
"NBIFIN","N. B. I. Industrial Finance Company Limited","EQ"," Face Value Split (Sub-Division) - From Rs 10/- Per Share To Rs 5/- Per Share","5","07-Dec-2017","08-Dec-2017","-","-"
"JINDWORLD","Jindal Worldwide Limited","EQ"," Face Value Split (Sub-Division) - From Rs 10/- Per Share To Rs 5/- Per Share","1","26-Dec-2017","27-Dec-2017","-","-"
"INDNIPPON","India Nippon Electricals Limited","EQ"," Face Value Split (Sub-Division) - From Rs 10/- Per Share To Rs 5/- Per Share","5","21-Mar-2018","22-Mar-2018","-","-"
"MARATHON","Marathon Nextgen Realty Limited","EQ"," Face Value Split (Sub-Division) - From Rs 10/- Per Share To Rs 5/- Per Share","5","05-Apr-2018","06-Apr-2018","-","-"
"AMRUTANJAN","Amrutanjan Health Care Limited","EQ"," Face Value Split (Sub-Division) - From Rs 2/- Per Share To Re 1/- Per Share","1","13-Apr-2018","16-Apr-2018","-","-"
"PCBL","PCBL LIMITED","EQ"," Face Value Split (Sub-Division) - From Rs 10/- Per Share To Rs 2/- Per Share","1","19-Apr-2018","20-Apr-2018","-","-"
"NBCC","NBCC (India) Limited","EQ"," Face Value Split (Sub-Division) - From Rs 2/- Per Share To Re 1/- Per Share","1","25-Apr-2018","26-Apr-2018","-","-"
"LUMAXTECH","Lumax Auto Technologies Limited","EQ"," Face Value Split (Sub-Division) - From Rs 10/- Per Share To Rs 2/- Per Share","2","07-Jun-2018","08-Jun-2018","-","-"
"UNITDSPR","United Spirits Limited","EQ"," Face Value Split (Sub-Division) - From Rs 10/- Per Share To Rs 2/- Per Share","2","15-Jun-2018","18-Jun-2018","-","-"
"UNIPLY","Uniply Industries Limited","EQ"," Face Value Split (Sub-Division) - From Rs 10/- Per Share To Rs 2/- Per Share","2","25-Jun-2018","26-Jun-2018","-","-"
"CONCOR","Container Corporation of India Limited","EQ"," Face Value Split (Sub-Division) - From Rs 10/- Per Share To Rs 5/- Per Share","5","26-Jun-2018","27-Jun-2018","-","-"
"AVANTIFEED","Avanti Feeds Limited","EQ"," Bonus 1:2/Face Value Split (Sub-Division) From Rs 2/- Per Share To Re 1/- Per Share","1","26-Jun-2018","27-Jun-2018","-","-"
"FILATEX","Filatex India Limited","EQ"," Face Value Split (Sub-Division) - From Rs 10/- Per Share To Rs 2/- Per Share","1","27-Jun-2018","28-Jun-2018","-","-"
"GALLISPAT","Gallantt Ispat Limited","EQ"," Face Value Split (Sub-Division) - From Rs 10/- Per Share To Re 1/- Per Share","1","07-Aug-2018","08-Aug-2018","-","-"
"TIRUMALCHM","Thirumalai Chemicals Limited","EQ"," Face Value Split (Sub-Division) - From Rs 10/- Per Share To Re 1/- Per Share","1","14-Aug-2018","17-Aug-2018","-","-"
"ZENSARTECH","Zensar Technologies Limited","EQ"," Face Value Split (Sub-Division) - From Rs 10 /- Per Share To Rs 2/- Per Share","2","07-Sep-2018","10-Sep-2018","-","-"
"JMCPROJECT","JMC Projects (India)  Limited","EQ"," Face Value Split (Sub-Division) - From Rs 10/- Per Share To Rs 2/- Per Share","2","04-Oct-2018","05-Oct-2018","-","-"
"APOLSINHOT","Apollo Sindoori Hotels Limited","EQ"," Face Value Split (Sub-Division) - From Rs 10/- Per Share To Rs 5/- Per Share","5","12-Oct-2018","15-Oct-2018","-","-"
"IEX","Indian Energy Exchange Limited","EQ"," Face Value Split (Sub-Division) - From Rs 10/- Per Share To Re 1/- Per Share","1","19-Oct-2018","22-Oct-2018","-","-"
"DAMODARIND","Damodar Industries Limited","EQ"," Face Value Split (Sub-Division) - From Rs 10/- Per Share To Rs 5/- Per Share","5","25-Oct-2018","26-Oct-2018","-","-"
"JINDWORLD","Jindal Worldwide Limited","EQ"," Face Value Split (Sub-Division) - From Rs 5/- Per Share To Re 1/- Per Share","1","31-Oct-2018","01-Nov-2018","-","-"
"DFMFOODS","DFM Foods Limited","EQ"," Face Value Split (Sub-Division) - From Rs 10/- Per Share To Rs 2/- Per Share","2","01-Nov-2018","02-Nov-2018","-","-"
"SAKUMA","Sakuma Exports Limited","EQ"," Face Value Split (Sub-Division) - From Rs 10/- Per Share To Re 1/- Per Share","1","12-Nov-2018","13-Nov-2018","-","-"
"BRITANNIA","Britannia Industries Limited","EQ"," Face Value Split (Sub-Division) - From Rs 2/- Per Share To Re 1/- Per Share","1","29-Nov-2018","30-Nov-2018","-","-"
"GUJGASLTD","Gujarat Gas Limited","EQ"," Face Value Split (Sub-Division) - From Rs 10/- Per Share To Rs 2/- Per Share","2","15-Jan-2019","16-Jan-2019","-","-"
"RADIOCITY","Music Broadcast Limited","EQ"," Face Value Split (Sub-Division) - From Rs 10/- Per Share To Rs 2/- Per Share","2","20-Feb-2019","21-Feb-2019","-","-"
"JMA","Jullundur Motor Agency (Delhi) Limited","EQ"," Face Value Split (Sub-Division) - From Rs 10/- Per Share To Rs 2/- Per Share","2","14-May-2019","15-May-2019","-","-"
"CHOLAFIN","Cholamandalam Investment and Finance Company Limited","EQ"," Face Value Split (Sub-Division) - From Rs 10/- Per Share To Rs 2/- Per Share","2","14-Jun-2019","17-Jun-2019","-","-"
"APCOTEXIND","Apcotex Industries Limited","EQ"," Face Value Split (Sub-Division) - From Rs 5 Per Share To Rs 2 Per Share","2","04-Jul-2019","05-Jul-2019","-","-"
"SESHAPAPER","Seshasayee Paper and Boards Limited","EQ"," Face Value Split (Sub-Division) - From Rs 10/- Per Share To Rs 2/- Per Share","2","19-Aug-2019","20-Aug-2019","-","-"
"HDFCBANK","HDFC Bank Limited","EQ"," Face Value Split (Sub-Division) - From Rs 2 Per Share To Rs 1 Per Share","1","19-Sep-2019","20-Sep-2019","-","-"
"SATIA","Satia Industries Limited","EQ"," Face Value Split (Sub-Division) - From Rs 10/- Per Share To Re 1/- Per Share","1","15-Oct-2019","16-Oct-2019","-","-"
"TRIDENT","Trident Limited","EQ"," Face Value Split (Sub-Division) - From Rs 10/- Per Share To Rs 1/- Per Share","1","13-Dec-2019","16-Dec-2019","-","-"
"SIS","SIS LIMITED","EQ"," Face Value Split (Sub-Division) - From Rs 10/- Per Share To Rs 5/- Per Share","5","15-Jan-2020","16-Jan-2020","-","-"
"VINATIORGA","Vinati Organics Limited","EQ"," Face Value Split (Sub-Division) - From Rs 2/- Per Share To Rs 1/- Per Share","1","05-Feb-2020","06-Feb-2020","-","-"
"IRCON","Ircon International Limited","EQ"," Face Value Split (Sub-Division) - From Rs 10/- Per Share To Rs 2/- Per Share","2","03-Apr-2020","07-Apr-2020","-","-"
"MOTOGENFIN","The Motor & General Finance Limited","EQ"," Face Value Split (Sub-Division) - From Rs 10 Per Share To Rs 5  Per Share","5","19-Jun-2020","22-Jun-2020","-","-"
"KBCGLOBAL","KBC Global Limited","EQ"," Face Value Split (Sub-Division) - From Rs 10/- Per Share To Rs 2/- Per Share","1","02-Jul-2020","03-Jul-2020","-","-"
"KUANTUM","Kuantum Papers Limited","EQ"," Face Value Split (Sub-Division) - From Rs 10/- Per Share To Re 1/- Per Share","1","14-Jul-2020","15-Jul-2020","-","-"
"EICHERMOT","Eicher Motors Limited","EQ"," Face Value Split (Sub-Division) - From Rs 10/- Per Share To Re 1/- Per Share","1","24-Aug-2020","25-Aug-2020","-","-"
"LAURUSLABS","Laurus Labs Limited","EQ"," Face Value Split (Sub-Division) - From Rs 10/- Per Share To Rs 2/- Per Share","2","29-Sep-2020","30-Sep-2020","-","-"
"GAEL","Gujarat Ambuja Exports Limited","EQ"," Face Value Split (Sub-Division) - From Rs 2/- Per Share To Re 1/- Per Share","1","01-Oct-2020","05-Oct-2020","-","-"
"SHRENIK","Shrenik Limited","EQ"," Face Value Split (Sub-Division) - From Rs 2/- Per Share To Re 1/- Per Share","1","08-Oct-2020","10-Oct-2020","-","-"
"SDBL","Som Distilleries & Breweries Limited","EQ"," Face Value Split (Sub-Division) - From Rs 10/- Per Share To Rs 5/- Per Share","2","15-Oct-2020","16-Oct-2020","-","-"
"APLAPOLLO","APL Apollo Tubes Limited","EQ"," Face Value Split (Sub-Division) - From Rs 10/- Per Share To Rs 2/- Per Share","2","15-Dec-2020","16-Dec-2020","-","-"
"BASML","Bannari Amman Spinning Mills Limited","EQ"," Face Value Split (Sub-Division) - From Rs 10/- Per Share To Rs 5/- Per Share","5","12-Feb-2021","15-Feb-2021","-","-"
"MARINE","Marine Electricals (India) Limited","EQ"," Face Value Split (Sub-Division) - From Rs 10 Per Share To Rs 2 Per Share","2","18-Feb-2021","22-Feb-2021","-","-"
"DIXON","Dixon Technologies (India) Limited","EQ"," Face Value Split (Sub-Division) - From Rs 10/- Per Share To Rs 2/- Per Share","2","18-Mar-2021","19-Mar-2021","-","-"
"FINPIPE","Finolex Industries Limited","EQ"," Face Value Split (Sub-Division) - From Rs 10/- Per Share To Rs 2/- Per Share","2","15-Apr-2021","16-Apr-2021","-","-"
"SHARDAMOTR","Sharda Motor Industries Limited","EQ"," Face Value Split (Sub-Division) - From Rs 10/- Per Share To Rs 2/- Per Share","2","16-Apr-2021","19-Apr-2021","-","-"
"VAIBHAVGBL","Vaibhav Global Limited","EQ"," Face Value Split (Sub-Division) - From Rs 10/- Per Share To Rs 2/- Per Share","2","07-May-2021","10-May-2021","-","-"
"ALKYLAMINE","Alkyl Amines Chemicals Limited","EQ"," Face Value Split (Sub-Division) - From Rs 5/- Per Share To Rs 2/- Per Share","2","11-May-2021","12-May-2021","-","-"
"INVENTURE","Inventure Growth & Securities Limited","EQ"," Face Value Split (Sub-Division) - From Rs 10/- Per Share To Re 1/- Per Share","1","24-Jun-2021","25-Jun-2021","-","-"
"MOKSH","Moksh Ornaments Limited","EQ"," Face Value Split (Sub-Division) - From Rs 10/- Per Share To Rs 2/- Per Share","2","14-Jul-2021","15-Jul-2021","-","-"
"VEEDOL","Veedol Corporation Limited","EQ"," Face Value Split (Sub-Division) - From Rs 5/- Per Share To Re 2/- Per Share","2","26-Jul-2021","27-Jul-2021","-","-"
"GLOBE","Globe Textiles (India) Limited","EQ"," Face Value Split (Sub-Division) - From Rs 10/- Per Share To Rs 2/- Per Share","2","03-Aug-2021","04-Aug-2021","-","-"
"KBCGLOBAL","KBC Global Limited","EQ"," Face Value Split (Sub-Division) - From Rs 2/- Per Share To Re 1/- Per Share","1","12-Aug-2021","13-Aug-2021","-","-"
"SAGCEM","Sagar Cements Limited","EQ"," Face Value Split (Sub-Division) - From Rs 10/- Per Share To Rs 2/- Per Share","2","17-Aug-2021","18-Aug-2021","-","-"
"GANGAFORGE","Ganga Forging Limited","EQ"," Face Value Split (Sub-Division) - From Rs 10/- Per Share To Re 1/- Per Share","1","13-Sep-2021","14-Sep-2021","-","-"
"CESC","CESC Limited","EQ"," Face Value Split (Sub-Division) - From Rs 10/- Per Share To Re 1/- Per Share","1","17-Sep-2021","20-Sep-2021","-","-"
"ARTEMISMED","Artemis Medicare Services Limited","EQ"," Face Value Split (Sub-Division) - From Rs 10/- Per Share To Re 1/- Per Share","1","23-Sep-2021","24-Sep-2021","-","-"
"KPRMILL","K.P.R. Mill Limited","EQ"," Face Value Split (Sub-Division) - From Rs 5/- Per Share To Re 1/- Per Share","1","24-Sep-2021","27-Sep-2021","-","-"
"CLEDUCATE","CL Educate Limited","EQ"," Face Value Split (Sub-Division) - From Rs 10/- Per Share To Rs 5/- Per Share","5","30-Sep-2021","01-Oct-2021","-","-"
"TIRUPATIFL","Tirupati Forge Limited","EQ"," Face Value Split (Sub-Division) - From Rs 10/- Per Share To Rs 2/- Per Share","2","07-Oct-2021","09-Oct-2021","-","-"
"AFFLE","Affle (India) Limited","EQ"," Face Value Split (Sub-Division) - From Rs 10/- Per Share To Rs 2/- Per Share","2","07-Oct-2021","08-Oct-2021","-","-"
"VISHWARAJ","Vishwaraj Sugar Industries Limited","EQ"," Face Value Split (Sub-Division) - From Rs 10/- Per Share To Rs 2/- Per Share","2","21-Oct-2021","22-Oct-2021","-","-"
"GPIL","Godawari Power And Ispat limited","EQ"," Face Value Split (Sub-Division) - From Rs 10/- Per Share To Rs 5/- Per Share","1","26-Oct-2021","27-Oct-2021","-","-"
"NIPPOBATRY","Indo-National Limited","EQ"," Face Value Split (Sub-Division) - From Rs 10/- Per Share To Rs 5/- Per Share","5","28-Oct-2021","29-Oct-2021","-","-"
"IRCTC","Indian Railway Catering And Tourism Corporation Limited","EQ"," Face Value Split (Sub-Division) - From Rs 10/- Per Share To Rs 2/- Per Share","2","28-Oct-2021","29-Oct-2021","-","-"
"BIGBLOC","Bigbloc Construction Limited","EQ"," Face Value Split (Sub-Division) - From Rs 10/- Per Share To Rs 2/- Per Share","2","15-Nov-2021","16-Nov-2021","-","-"
"SSWL","Steel Strips Wheels Limited","EQ"," Face Value Split (Sub-Division) - From Rs 10/- Per Share To Rs 5/- Per Share","1","18-Nov-2021","22-Nov-2021","-","-"
"TTKPRESTIG","TTK Prestige Limited","EQ"," Face Value Split (Sub-Division) - From Rs 10 Per Share To Re 1 Per Share","1","14-Dec-2021","15-Dec-2021","-","-"
"PRECWIRE","Precision Wires India Limited","EQ"," Face Value Split (Sub-Division) - From Rs 5/- Per Share To Re 1/- Per Share","1","22-Dec-2021","23-Dec-2021","-","-"
"PTL","PTL Enterprises Limited","EQ"," Face Value Split (Sub-Division) - From Rs 2/- Per Share To Re 1/- Per Share","1","23-Dec-2021","24-Dec-2021","-","-"
"ANDHRSUGAR","The Andhra Sugars Limited","EQ"," Face Value Split (Sub-Division) - From Rs 10/- Per Share To Rs 2/- Per Share","2","30-Dec-2021","31-Dec-2021","-","-"
"IPCALAB","IPCA Laboratories Limited","EQ","Face Value Split (Sub-Division) - From Rs 2/- Per Share To Re 1/- Per Share","1","10-Jan-2022","11-Jan-2022","-","-"
"ONEPOINT","One Point One Solutions Limited","EQ","Face Value Split (Sub-Division) - From Rs 10/- Per Share To Rs 2/- Per Share","2","18-Jan-2022","19-Jan-2022","-","-"
"ESSENTIA","Integra Essentia Limited","EQ","Face Value Split (Sub-Division) - From Rs 3/- Per Share To Re 1/- Per Share","1","03-Feb-2022","04-Feb-2022","-","-"
"AAKASH","Aakash Exploration Services Limited","EQ","Face Value Split (Sub-Division) - From Rs 10/- Per Share To Re 1/- Per Share","1","03-Feb-2022","04-Feb-2022","-","-"
"SCHAEFFLER","Schaeffler India Limited","EQ","Face Value Split (Sub-Division) - From Rs 10/- Per Share To Rs 2/- Per Share","2","08-Feb-2022","09-Feb-2022","-","-"
"GREENLAM","Greenlam Industries Limited","EQ","Face Value Split (Sub-Division) - From Rs 5/- Per Share To Re 1/- Per Share","1","10-Feb-2022","11-Feb-2022","-","-"
"JBMA","JBM Auto Limited","EQ","Face Value Split (Sub-Division) - From Rs 5/- Per Share To Rs 2/- Per Share","2","21-Feb-2022","22-Feb-2022","-","-"
"SBC","SBC Exports Limited","EQ","Face Value Split (Sub-Division) - From Rs 10/- Per Share To Re 1/- Per Share","1","22-Feb-2022","23-Feb-2022","-","-"
"SUPREMEENG","Supreme Engineering Limited","EQ","Face Value Split (Sub-Division) - From Rs 10/- Per Share To Re 1/- Per Share","1","03-Mar-2022","04-Mar-2022","-","-"
"RKFORGE","Ramkrishna Forgings Limited","EQ","Face Value Split (Sub-Division) - From Rs 10/- Per Share To Rs 2/- Per Share","2","14-Mar-2022","15-Mar-2022","-","-"
"RAJRATAN","Rajratan Global Wire Limited","EQ","Face Value Split (Sub-Division) - From Rs 10/- Per Share To Rs 2/- Per Share","2","15-Mar-2022","16-Mar-2022","-","-"
"DRCSYSTEMS","DRC Systems India Limited","EQ","Face Value Split (Sub-Division) - From Rs 10/- Per Share To Re 1/- Per Share","1","16-Mar-2022","17-Mar-2022","-","-"
"VTL","Vardhman Textiles Limited","EQ","Face Value Split (Sub-Division) - From Rs 10/- Per Share To Rs 2/- Per Share","2","24-Mar-2022","26-Mar-2022","-","-"
"GODHA","Godha Cabcon & Insulation Limited","EQ","Face Value Split (Sub-Division) - From Rs 10/- Per Share To Re 1/- Per Share","1","24-Mar-2022","25-Mar-2022","-","-"
"GOLDIAM","Goldiam International Limited","EQ","Face Value Split (Sub-Division) - From Rs 10/- Per Share To Rs 2/- Per Share","2","28-Mar-2022","29-Mar-2022","-","-"
"PCBL","PCBL LIMITED","EQ","Face Value Split (Sub-Division) - From Rs 2/- Per Share To Re 1/- Per Share","1","11-Apr-2022","12-Apr-2022","-","-"
"ARIHANTCAP","Arihant Capital Markets Limited","EQ","Face Value Split (Sub-Division) - From Rs 5/- Per Share To Re 1/- Per Share","1","12-Apr-2022","15-Apr-2022","-","-"
"JUBLFOOD","Jubilant Foodworks Limited","EQ","Face Value Split (Sub-Division) - From Rs 10/- Per Share To Rs 2/- Per Share","2","19-Apr-2022","20-Apr-2022","-","-"
"SAREGAMA","Saregama India Limited","EQ","Face Value Split (Sub-Division) - From Rs 10/- Per Share To Re 1/- Per Share","1","26-Apr-2022","27-Apr-2022","-","-"
"BBOX","Black Box Limited","EQ","Face Value Split (Sub-Division) - From Rs 10/- Per Share To Rs 2/- Per Share","2","13-May-2022","17-May-2022","-","-"
"JETFREIGHT","Jet Freight Logistics Limited","EQ","Face Value Split (Sub-Division) - From Rs 10/- Per Share To Rs 5/- Per Share","5","19-May-2022","20-May-2022","-","-"
"SALASAR","Salasar Techno Engineering Limited","EQ","Face Value Split (Sub-Division) - From Rs 10/- Per Share To Rs 1/- Per Share","1","27-Jun-2022","28-Jun-2022","-","-"
"PAISALO","Paisalo Digital Limited","EQ","Face Value Split (Sub-Division) - From Rs 10/- Per Share To Re 1/- Per Share","1","30-Jun-2022","01-Jul-2022","-","-"
"STEELXIND","STEEL EXCHANGE INDIA LIMITED","EQ","Face Value Split (Sub-Division) - From Rs 10/- Per Share To Re 1/- Per Share","1","12-Jul-2022","13-Jul-2022","-","-"
"RGL","Renaissance Global Limited","EQ","Face Value Split (Sub-Division) - From Rs 10/- Per Share To Rs 2/- Per Share","2","19-Jul-2022","20-Jul-2022","-","-"
"HNDFDS","Hindustan Foods Limited","EQ","Face Value Split (Sub-Division) - From Rs 10/- Per Share To Rs 2/- Per Share","2","21-Jul-2022","22-Jul-2022","-","-"
"TATASTEEL","Tata Steel Limited","EQ","Face Value Split (Sub-Division) - From Rs 10/- Per Share To Re 1/- Per Share","1","28-Jul-2022","29-Jul-2022","-","-"
"MGEL","Mangalam Global Enterprise Limited","EQ","Face Value Split (Sub-Division) - From Rs 10/- Per Share To Rs 2/- Per Share","2","18-Aug-2022","19-Aug-2022","-","-"
"RAMASTEEL","Rama Steel Tubes Limited","EQ","Face Value Split (Sub-Division) - From Rs 5/- Per Share To Re 1/- Per Share","1","25-Aug-2022","26-Aug-2022","-","-"
"PDSL","PDS Limited","EQ","Face Value Split (Sub-Division) - From Rs 10/- Per Share To Rs 2/- Per Share","2","26-Aug-2022","29-Aug-2022","-","-"
"KRITIKA","Kritika Wires Limited","EQ","Face Value Split (Sub-Division) - From Rs 10/- Per Share To Rs 2/- Per Share","2","30-Aug-2022","30-Aug-2022","-","-"
"SOTL","Savita Oil Technologies Limited","EQ","Face Value Split (Sub-Division) - From Rs 10/- Per Share To Rs 2/- Per Share","2","01-Sep-2022","02-Sep-2022","-","-"
"DANGEE","Dangee Dums Limited","EQ","Face Value Split (Sub-Division) - From Rs 10/- Per Share To Re 1/- Per Share","1","06-Sep-2022","07-Sep-2022","-","-"
"BANSWRAS","Banswara Syntex Limited","EQ","Face Value Split (Sub-Division) - From Rs 10/- Per Share To Rs 5/- Per Share","5","08-Sep-2022","09-Sep-2022","-","-"
"BAJAJFINSV","Bajaj Finserv Limited","EQ","Face Value Split (Sub-Division) - From Rs 5/- Per Share To Re 1/- Per Share","1","13-Sep-2022","14-Sep-2022","-","-"
"SAKSOFT","Saksoft Limited","EQ","Face Value Split (Sub-Division) - From Rs 10/- Per Share To Re 1/- Per Share","1","23-Sep-2022","26-Sep-2022","-","-"
"BSHSL","Bombay Super Hybrid Seeds Limited","EQ","Face Value Split (Sub-Division) - From Rs 10/- Per Share To Re 1/- Per Share","1","23-Sep-2022","26-Sep-2022","-","-"
"EXCEL","Excel Realty N Infra Limited","EQ","Face Value Split (Sub-Division) - From Rs 10/- Per Share To Re 1/- Per Share","1","28-Sep-2022","28-Sep-2022","-","-"
"AJOONI","Ajooni Biotech Limited","EQ","Face Value Split (Sub-Division) - From Rs 10/- Per Share To Rs 2/- Per Share","2","07-Oct-2022","07-Oct-2022","-","-"
"HLEGLAS","HLE Glascoat Limited","EQ","Face Value Split (Sub-Division) - From Rs 10/- Per Share To Rs 2/- Per Share","2","18-Oct-2022","19-Oct-2022","-","-"
"TPLPLASTEH","TPL Plastech Limited","EQ","Face Value Split (Sub-Division) - From Rs 10/- Per Share To Rs 2/- Per Share","2","19-Oct-2022","20-Oct-2022","-","-"
"GLOBAL","Global Education Limited","EQ","Face Value Split (Sub-Division) - From Rs 10/- Per Share To Rs 5/- Per Share","5","19-Oct-2022","19-Oct-2022","-","-"
"AXITA","Axita Cotton Limited","EQ","Face Value Split (Sub-Division) - From Rs 10/- Per Share To Re 1/- Per Share","1","21-Oct-2022","21-Oct-2022","-","-"
"KSHITIJPOL","Kshitij Polyline Limited","EQ","Face Value Split (Sub-Division) - From Rs 10/- Per Share To Rs 2/- Per Share","2","27-Oct-2022","27-Oct-2022","-","-"
"TDPOWERSYS","TD Power Systems Limited","EQ","Face Value Split (Sub-Division) - From Rs 10/- Per Share To Rs 2/- Per Share","2","31-Oct-2022","01-Nov-2022","-","-"
"SSWL","Steel Strips Wheels Limited","EQ","Face Value Split (Sub-Division) - From Rs 5/- Per Share To Re 1/- Per Share","1","10-Nov-2022","11-Nov-2022","-","-"
"EASEMYTRIP","Easy Trip Planners Limited","EQ","Face Value Split (Sub-Division) - From Rs 2/- Per Share To Re 1/- Per Share","1","21-Nov-2022","22-Nov-2022","-","-"
"DEVIT","Dev Information Technology Limited","EQ","Face Value Split (Sub-Division) - From Rs 10/- Per Share To Rs 5/- Per Share","5","25-Nov-2022","25-Nov-2022","-","-"
"RAJMET","Rajnandini Metal Limited","EQ","Face Value Split (Sub-Division) - From Rs 10/- Per Share To Re 1/- Per Share","1","30-Nov-2022","30-Nov-2022","-","-"
"LIKHITHA","Likhitha Infrastructure Limited","EQ","Face Value Split (Sub-Division) - From Rs 10/- Per Share To Rs 5/- Per Share","5","02-Dec-2022","02-Dec-2022","-","-"
"LANCER","Lancer Container Lines Limited","EQ","Face Value Split (Sub-Division) - From Rs 10/- Per Share To Rs 5/- Per Share","5","16-Dec-2022","16-Dec-2022","-","-"
"FILATEX","Filatex India Limited","EQ","Face Value Split (Sub-Division) - From Rs 2/- Per Share To Re 1/- Per Share","1","27-Dec-2022","28-Dec-2022","-","-"
"SPLPETRO","Supreme Petrochem Limited","EQ","Face Value Split (Sub-Division) - From Rs 4/- Per Share To Rs 2/- Per Share","2","06-Jan-2023","06-Jan-2023","-","-"
"VISHNU","Vishnu Chemicals Limited","EQ","Face Value Split (Sub-Division) - From Rs 10/- Per Share To Rs 2/- Per Share","2","13-Jan-2023","13-Jan-2023","-","-"
"SHRADHA","Shradha Infraprojects Limited","EQ","Face Value Split (Sub-Division) - From Rs 10/- Per Share To Rs 5/- Per Share","5","20-Jan-2023","21-Jan-2023","-","-"
"GVPTECH","GVP Infotech Limited","EQ","Face Value Split (Sub-Division) - From Rs 10/- Per Share To Rs 2/- Per Share","2","23-Jan-2023","23-Jan-2023","-","-"
"SERVOTECH","Servotech Power Systems Limited","EQ","Face Value Split (Sub-Division) - From Rs 10/- Per Share To Rs 2/- Per Share","1","03-Feb-2023","03-Feb-2023","-","-"
"ACCURACY","Accuracy Shipping Limited","EQ","Face Value Split (Sub-Division) - From Rs 10/- Per Share To Re 1/- Per Share","1","15-Feb-2023","15-Feb-2023","-","-"
"VCL","Vaxtex Cotfab Limited","EQ","Face Value Split (Sub-Division) - From Rs 2/- Per Share To Re 1/- Per Share","1","15-Feb-2023","15-Feb-2023","-","-"
"IRB","IRB Infrastructure Developers Limited","EQ","Face Value Split (Sub-Division) - From Rs 10/- Per Share To Re 1/- Per Share","1","22-Feb-2023","22-Feb-2023","-","-"
"VINNY","Vinny Overseas Limited","EQ","Face Value Split (Sub-Division) - From Rs 10/- Per Share To Re 1/- Per Share","1","24-Feb-2023","24-Feb-2023","-","-"
"360ONE","360 ONE WAM LIMITED","EQ","Face Value Split (Sub-Division) - From Rs 2/- Per Share To Re 1/- Per Share","1","02-Mar-2023","02-Mar-2023","-","-"
"OSIAHYPER","Osia Hyper Retail Limited","EQ","Face Value Split (Sub-Division) - From Rs 10/- Per Share To Re 1/- Per Share","1","13-Mar-2023","13-Mar-2023","-","-"
"MEDICO","Medico Remedies Limited","EQ","Face Value Split (Sub-Division) - From Rs 10/- Per Share To Rs 2/- Per Share","2","16-Mar-2023","16-Mar-2023","-","-"
"HITECH","Hi-Tech Pipes Limited","EQ","Face Value Split (Sub-Division) - From Rs 10/- Per Share To Re 1/- Per Share","1","17-Mar-2023","17-Mar-2023","-","-"
"DEEPINDS","Deep Industries Limited","EQ","Face Value Split (Sub-Division) - From Rs 10/- Per Share To Rs 5/- Per Share","5","10-Apr-2023","10-Apr-2023","-","-"
"TIPSMUSIC","Tips Music Limited","EQ","Face Value Split (Sub-Division) - From Rs 10/- Per Share To Re 1/- Per Share","1","21-Apr-2023","21-Apr-2023","-","-"
"GOYALALUM","Goyal Aluminiums Limited","EQ","Face Value Split (Sub-Division) - From Rs 10/- Per Share To Re 1/- Per Share","1","25-Apr-2023","25-Apr-2023","-","-"
"APOLLO","Apollo Micro Systems Limited","EQ","Face Value Split (Sub-Division) - From Rs 10/- Per Share To Re 1/- Per Share","1","04-May-2023","04-May-2023","-","-"
"VISAKAIND","Visaka Industries Limited","EQ","Face Value Split (Sub-Division) - From Rs 10/- Per Share To Rs 2/- Per Share","2","15-May-2023","15-May-2023","-","-"
"SRPL","Shree Ram Proteins Limited","EQ","Face Value Split (Sub-Division) - From Rs 10/- Per Share To Re 1/- Per Share","1","19-May-2023","19-May-2023","-","-"
"RADHIKAJWE","Radhika Jeweltech Limited","EQ","Face Value Split (Sub-Division) - From Rs 10/- Per Share To Rs 2/- Per Share","2","26-May-2023","26-May-2023","-","-"
"HARDWYN","Hardwyn India Limited","EQ","Face Value Split (Sub-Division) - From Rs 10/- Per Share To Re 1/- Per Share","1","05-Jun-2023","05-Jun-2023","-","-"
"IONEXCHANG","ION Exchange (India) Limited","EQ","Face Value Split (Sub-Division) - From Rs 10/- Per Share To Re 1/- Per Share","1","12-Jun-2023","12-Jun-2023","-","-"
"VBL","Varun Beverages Limited","EQ","Face Value Split (Sub-Division) - From Rs 10/- Per Share To Rs 5/- Per Share","2","15-Jun-2023","15-Jun-2023","-","-"
"AKI","AKI India Limited","EQ","Face Value Split (Sub-Division) - From Rs 10/- Per Share To Rs 2/- Per Share","2","22-Jun-2023","22-Jun-2023","-","-"
"MAANALU","Maan Aluminium Limited","EQ","Face Value Split (Sub-Division) - From Rs 10/- Per Share To Rs 5/- Per Share","5","27-Jul-2023","27-Jul-2023","-","-"
"SERVOTECH","Servotech Power Systems Limited","EQ","Face Value Split (Sub-Division) - From Rs 2/- Per Share To Re 1/- Per Share","1","28-Jul-2023","28-Jul-2023","-","-"
"AKSHAR","Akshar Spintex Limited","EQ","Face Value Split (Sub-Division) - From Rs 10/- Per Share To Re 1/- Per Share","1","31-Jul-2023","31-Jul-2023","-","-"
"SARDAEN","Sarda Energy & Minerals Limited","EQ","Face Value Split (Sub-Division) - From Rs 10/- Per Share To Re 1/- Per Share","1","04-Aug-2023","04-Aug-2023","-","-"
"IRISDOREME","Iris Clothings Limited","EQ","Face Value Split (Sub-Division) - From Rs 10/- Per Share To Rs 2/- Per Share","2","11-Aug-2023","11-Aug-2023","-","-"
"OSWALSEEDS","ShreeOswal Seeds And Chemicals Limited","EQ","Face Value Split (Sub-Division) - From Rs 10/- Per Share To Rs 2/- Per Share","2","18-Aug-2023","18-Aug-2023","-","-"
"ADFFOODS","ADF Foods Limited","EQ","Face Value Split (Sub-Division) - From Rs 10/- Per Share To Rs 2/- Per Share","2","11-Sep-2023","11-Sep-2023","-","-"
"SARVESHWAR","Sarveshwar Foods Limited","EQ","Face Value Split (Sub-Division) - From Rs 10/- Per Share To Re 1/- Per Share","1","15-Sep-2023","15-Sep-2023","-","-"
"JBCHEPHARM","JB Chemicals & Pharmaceuticals Limited","EQ","Face Value Split (Sub-Division) - From Rs 2/- Per Share To Re 1/- Per Share","1","18-Sep-2023","18-Sep-2023","-","-"
"HAL","Hindustan Aeronautics Limited","EQ","Face Value Split (Sub-Division) - From Rs 10/- Per Share To Rs 5/- Per Share","5","28-Sep-2023","29-Sep-2023","-","-"
"FOCUS","Focus Lighting and Fixtures Limited","EQ","Face Value Split (Sub-Division) - From Rs 10/- Per Share To Rs 2/- Per Share","2","06-Oct-2023","06-Oct-2023","-","-"
"SURYAROSNI","Surya Roshni Limited","EQ","Face Value Split (Sub-Division) - From Rs 10/- Per Share To Rs 5/- Per Share","5","06-Oct-2023","06-Oct-2023","-","-"
"SIGACHI","Sigachi Industries Limited","EQ","Face Value Split (Sub-Division) - From Rs 10/- Per Share To Re 1/- Per Share","1","09-Oct-2023","09-Oct-2023","-","-"
"THEMISMED","Themis Medicare Limited","EQ","Face Value Split (Sub-Division) - From Rs 10/- Per Share To Re 1/- Per Share","1","10-Oct-2023","10-Oct-2023","-","-"
"GEEKAYWIRE","Geekay Wires Limited","EQ","Face Value Split (Sub-Division) - From Rs 10/- Per Share To Rs 2/- Per Share","2","23-Oct-2023","23-Oct-2023","-","-"
"JAYBARMARU","Jay Bharat Maruti Limited","EQ","Face Value Split (Sub-Division) - From Rs 5/- Per Share To Rs 2/- Per Share","2","26-Oct-2023","26-Oct-2023","-","-"
"TALBROAUTO","Talbros Automotive Components Limited","EQ","Face Value Split (Sub-Division) - From Rs 10/- Per Share To Rs 2/- Per Share","2","27-Oct-2023","27-Oct-2023","-","-"
"BCLIND","Bcl Industries Limited","EQ","Face Value Split (Sub-Division) - From Rs 10/- Per Share To Re 1/- Per Share","1","27-Oct-2023","27-Oct-2023","-","-"
"MITTAL","Mittal Life Style Limited","EQ","Face Value Split (Sub-Division) - From Rs 10/- Per Share To Re 1/- Per Share","1","01-Nov-2023","01-Nov-2023","-","-"
"CANTABIL","Cantabil Retail India Limited","EQ","Face Value Split (Sub-Division) - From Rs 10/- Per Share To Rs 2/- Per Share","2","02-Nov-2023","02-Nov-2023","-","-"
"HPAL","HP Adhesives Limited","EQ","Face Value Split (Sub-Division) - From Rs 10/- Per Share To Rs 2/- Per Share","2","09-Nov-2023","09-Nov-2023","-","-"
"MKPL","M K Proteins Limited","EQ","Face Value Split (Sub-Division) - From Rs 10/- Per Share To Re 1/- Per Share","1","10-Nov-2023","10-Nov-2023","-","-"
"HINDCON","Hindcon Chemicals Limited","EQ","Face Value Split (Sub-Division) - From Rs 10/- Per Share To Rs 2/- Per Share","2","10-Nov-2023","10-Nov-2023","-","-"
"ATALREAL","Atal Realtech Limited","EQ","Face Value Split (Sub-Division) - From Rs 10/- Per Share To Rs 2/- Per Share","2","16-Nov-2023","16-Nov-2023","-","-"
"SHAILY","Shaily Engineering Plastics Limited","EQ","Face Value Split (Sub-Division) - From Rs 10/- Per Share To Rs 2/- Per Share","2","23-Nov-2023","23-Nov-2023","-","-"
"TPHQ","Teamo Productions HQ Limited","EQ","Face Value Split (Sub-Division) - From Rs 10/- Per Share To Re 1/- Per Share","1","14-Dec-2023","14-Dec-2023","-","-"
"HMAAGRO","HMA Agro Industries Limited","EQ","Face Value Split (Sub-Division) - From Rs 10/- Per Share To Re 1/- Per Share","1","29-Dec-2023","29-Dec-2023","-","-"
"NESTLEIND","Nestle India Limited","EQ","Face Value Split (Sub-Division) - From Rs10/- Per Share To Re 1/- Per Share","1","05-Jan-2024","05-Jan-2024","-","-"
"PGIL","Pearl Global Industries Limited","EQ","Face Value Split (Sub-Division) - From Rs10/- Per Share To Rs 5/- Per Share","5","05-Jan-2024","05-Jan-2024","-","-"
"COCHINSHIP","Cochin Shipyard Limited","EQ","Face Value Split (Sub-Division) - From Rs 10/- Per Share To Rs 5/- Per Share","5","10-Jan-2024","10-Jan-2024","-","-"
"DOLPHIN","Dolphin Offshore Enterprises (India) Limited","EQ","Face Value Split (Sub-Division) - From Rs 10/- Per Share To Re 1/- Per Share","1","25-Jan-2024","25-Jan-2024","-","-"
"CGCL","Capri Global Capital Limited","EQ","Face Value Split (Sub-Division) - From Rs 2/- Per Share To Re 1/- Per Share","1","05-Mar-2024","05-Mar-2024","-","-"
"MANORAMA","Manorama Industries Limited","EQ","Face Value Split (Sub-Division) - From Rs 10/- Per Share To Rs 2/- Per Share","2","07-Mar-2024","08-Mar-2024","-","-"
"REFEX","Refex Industries Limited","EQ","Face Value Split (Sub-Division) - From Rs 10/- Per Share To Rs 2/- Per Share","2","22-Mar-2024","22-Mar-2024","-","-"
"LAL","Lorenzini Apparels Limited","EQ","Face Value Split (Sub-Division) - From Rs 10/- Per Share To Re 1/- Per Share","1","28-Mar-2024","28-Mar-2024","-","-"
"PERSISTENT","Persistent Systems Limited","EQ","Face Value Split (Sub-Division) - From Rs 10/- Per Share To Rs 5/- Per Share","5","28-Mar-2024","01-Apr-2024","-","-"
"CUPID","Cupid Limited","EQ","Face Value Split (Sub-Division) - From Rs 10/- Per Share To Re 1/- Per Share","1","04-Apr-2024","04-Apr-2024","-","-"
"BTML","Bodhi Tree Multimedia Limited","EQ","Face Value Split (Sub-Division) - From Rs 10/- Per Share To Re 1/- Per Share","1","05-Apr-2024","05-Apr-2024","-","-"
"SBGLP","Suratwwala Business Group Limited","EQ","Face Value Split (Sub-Division) - From Rs 10/- Per Share To Re 1/- Per Share","1","18-Apr-2024","18-Apr-2024","-","-"
"BBL","Bharat Bijlee Limited","EQ","Face Value Split (Sub-Division) - From Rs 10/- Per Share To Rs 5/- Per Share","5","24-Apr-2024","24-Apr-2024","-","-"
"BHAGCHEM","Bhagiradha Chemicals & Industries Limited","EQ","Face Value Split (Sub-Division) - From Rs 10/- Per Share To Rs 1/- Per Share","1","02-May-2024","02-May-2024","-","-"
"SONAMLTD","SONAM LIMITED","EQ","Face Value Split (Sub-Division) - From Rs 10/- Per Share To Rs 5/- Per Share","5","10-May-2024","10-May-2024","-","-"
"CANBK","Canara Bank","EQ","Face Value Split (Sub-Division) - From Rs 10/- Per Share To Rs 2/- Per Share","2","15-May-2024","15-May-2024","-","-"
"VARDMNPOLY","Vardhman Polytex Limited","EQ","Face Value Split (Sub-Division) - From Rs 10/- Per Share To Re 1/- Per Share","1","17-May-2024","18-May-2024","-","-"
"SDBL","Som Distilleries & Breweries Limited","EQ","Face Value Split (Sub-Division) - From Rs 5/- Per Share To Rs 2/- Per Share","2","24-May-2024","24-May-2024","-","-"
"BDL","Bharat Dynamics Limited","EQ","Face Value Split (Sub-Division) - From Rs 10/- Per Share To Rs 5/- Per Share","5","24-May-2024","24-May-2024","-","-"
"BALAXI","BALAXI PHARMACEUTICALS LIMITED","EQ","Face Value Split (Sub-Division) - From Rs 10/- Per Share To Rs 2/- Per Share","2","30-May-2024","30-May-2024","-","-"
"DAVANGERE","Davangere Sugar Company Limited","EQ","Face Value Split (Sub-Division) - From Rs 10/- Per Share To Re 1/- Per Share","1","31-May-2024","31-May-2024","-","-"
"KAMOPAINTS","Kamdhenu Ventures Limited","EQ","Face Value Split (Sub-Division) - From Rs 5/- Per Share To Re 1/- Per Share","1","14-Jun-2024","14-Jun-2024","-","-"
"PREMEXPLN","Premier Explosives Limited","EQ","Face Value Split (Sub-Division) - From Rs 10/- Per Share To Rs 2/- Per Share","2","21-Jun-2024","21-Jun-2024","-","-"
"SHAREINDIA","Share India Securities Limited","EQ","Face Value Split (Sub-Division) - From Rs 10/- Per Share To Rs 2/- Per Share","2","27-Jun-2024","27-Jun-2024","-","-"
"AVONMORE","Avonmore Capital & Management Services Limited","EQ","Face Value Split (Sub-Division) - From Rs 10/- Per Share To Rs 1/- Per Share","1","28-Jun-2024","28-Jun-2024","-","-"
"REMSONSIND","Remsons Industries Limited","EQ","Face Value Split (Sub-Division) - From Rs 10/- Per Share To Rs 2/- Per Share","2","05-Jul-2024","05-Jul-2024","-","-"
"VERTOZ","Vertoz Limited","EQ","Face Value Split (Sub-Division) - From Rs 10/- Per Share To Re 1/- Per Share","1","05-Jul-2024","05-Jul-2024","-","-"
"PGEL","PG Electroplast Limited","EQ","Face Value Split (Sub-Division) - From Rs 10/- Per Share To Re 1/- Per Share","1","10-Jul-2024","10-Jul-2024","-","-"
"KPIGREEN","KPI Green Energy Limited","EQ","Face Value Split (Sub-Division) - From Rs10/- Per Share To Rs 5/- Per Share","5","18-Jul-2024","18-Jul-2024","-","-"
"ELECON","Elecon Engineering Company Limited","EQ","Face Value Split (Sub-Division) - From Rs 2/- Per Share To Re 1/- Per Share","1","19-Jul-2024","19-Jul-2024","-","-"
"ALMONDZ","Almondz Global Securities Limited","EQ","Face Value Split (Sub-Division) - From Rs 6/- Per Share To Re 1/- Per Share","1","23-Jul-2024","23-Jul-2024","-","-"
"KSB","Ksb Limited","EQ","Face Value Split (Sub-Division) - From Rs 10/- Per Share To Rs 2/- Per Share","2","25-Jul-2024","25-Jul-2024","-","-"
"AARTECH","Aartech Solonics Limited","EQ","Face Value Split (Sub-Division) - From Rs 10/- Per Share To Rs 5/- Per Share","5","09-Aug-2024","09-Aug-2024","-","-"
"KAPSTON","Kapston Services Limited","EQ","Face Value Split (Sub-Division) - From Rs 10/- Per Share To Rs 5/- Per Share","5","09-Aug-2024","09-Aug-2024","-","-"
"RUSHIL","Rushil Decor Limited","EQ","Face Value Split (Sub-Division) - From Rs 10/- Per Share To Re 1/- Per Share","1","09-Aug-2024","09-Aug-2024","-","-"
"FILATFASH","Filatex Fashions Limited","EQ","Face Value Split (Sub-Division) - From Rs 5/- Per Share To Re 1/- Per Share","1","09-Aug-2024","09-Aug-2024","-","-"
"SAPPHIRE","Sapphire Foods India Limited","EQ","Face Value Split (Sub-Division) - From Rs 10/- Per Share To Rs 2/- Per Share","2","05-Sep-2024","05-Sep-2024","-","-"
"ANDHRAPAP","ANDHRA PAPER LIMITED","EQ","Face Value Split (Sub-Division) - From Rs 10/- Per Share To Rs 2/- Per Share","2","11-Sep-2024","11-Sep-2024","-","-"
"VBL","Varun Beverages Limited","EQ","Face Value Split (Sub-Division) - From Rs 5/- Per Share To Rs 2/- Per Share","2","12-Sep-2024","12-Sep-2024","-","-"
"SPORTKING","Sportking India Limited","EQ","Face Value Split (Sub-Division) - From Rs 10/- Per Share To Re 1/- Per Share","1","13-Sep-2024","13-Sep-2024","-","-"
"KIMS","Krishna Institute of Medical Sciences Limited","EQ","Face Value Split (Sub-Division) - From Rs 10/- Per Share To Rs 2/- Per Share","2","13-Sep-2024","13-Sep-2024","-","-"
"RPPL","Rajshree Polypack Limited","EQ","Face Value Split (Sub-Division) - From Rs 10/- Per Share To Rs 5/- Per Share","5","17-Sep-2024","18-Sep-2024","-","-"
"NDL","Nandan Denim Limited","EQ","Face Value Split (Sub-Division) - From Rs 10/- Per Share To Re 1/- Per Share","1","19-Sep-2024","19-Sep-2024","-","-"
"SANGHVIMOV","Sanghvi Movers Limited","EQ","Face Value Split (Sub-Division) - From Rs 2/- Per Share To Re 1/- Per Share","1","27-Sep-2024","27-Sep-2024","-","-"
"GPIL","Godawari Power And Ispat limited","EQ","Face Value Split (Sub-Division) - From Rs 5/- Per Share To Re 1/- Per Share","1","04-Oct-2024","04-Oct-2024","-","-"
"JINDALSAW","Jindal Saw Limited","EQ","Face Value Split (Sub-Division) - From Rs 2/- Per Share To Re 1/- Per Share","1","09-Oct-2024","09-Oct-2024","-","-"
"VAISHALI","Vaishali Pharma Limited","EQ","Face Value Split (Sub-Division) - From Rs 10/- Per Share To Rs 2/- Per Share","2","15-Oct-2024","15-Oct-2024","-","-"
"POCL","Pondy Oxides & Chemicals Limited","EQ","Face Value Split (Sub-Division) - From Rs 10/- Per Share To Rs 5/- Per Share","5","16-Oct-2024","16-Oct-2024","-","-"